price,bedrooms,bathrooms,sqft_living,sqft_lot,floors,waterfront,view,condition,grade,sqft_above,sqft_basement,age.at.sale,sqft_living15,sqft_lot15,renovated_yes
264500.0,3,1.5,1580,14040,1.0,0,0,3,7,1050,530,35,2240,12000,0
410000.0,3,1.0,1230,7020,1.0,0,0,3,7,1090,140,91,1390,5850,0
625000.0,2,1.5,1490,5750,1.5,0,0,4,7,1190,300,115,1590,4025,0
1060000.0,4,5.25,4140,14757,2.0,0,2,3,11,4140,0,10,4440,15523,0
307000.0,3,2.0,1790,7259,1.0,0,0,3,7,1390,400,35,1790,7700,0
879000.0,4,3.0,3590,89640,2.0,0,0,3,10,3590,0,10,2790,54014,0
422000.0,2,1.75,1320,2609,1.0,0,0,4,7,920,400,77,1200,4220,0
440000.0,3,2.5,1390,4997,2.0,0,0,3,7,1390,0,11,2340,4125,0
176000.0,2,1.0,920,2332,1.0,0,0,4,8,920,0,35,1310,2853,0
229500.0,3,1.0,1780,7470,1.0,0,0,3,7,1050,730,55,1780,8113,0
350000.0,2,2.5,1280,940,2.0,0,0,3,8,1060,220,9,1290,2900,0
200000.0,2,1.0,1730,9610,1.0,0,0,3,7,1380,350,53,1310,9812,0
615000.0,4,1.5,1980,3240,1.5,0,0,4,8,1780,200,85,2250,4000,0
525000.0,4,2.5,2520,7731,2.0,0,0,3,9,2520,0,21,2000,7704,0
625000.0,4,2.25,2470,17008,2.0,0,0,4,8,2470,0,36,2470,31798,0
991500.0,4,3.0,3820,26895,2.0,0,2,3,11,3820,0,20,3820,24751,0
425000.0,3,2.5,1340,10018,1.0,0,0,4,7,1340,0,39,2520,13068,0
775000.0,4,2.5,2070,8473,1.0,0,0,4,8,1250,820,39,2070,9499,0
671500.0,3,2.5,1770,1714,3.0,0,0,3,8,1770,0,3,1720,3360,0
480000.0,5,2.5,2160,7737,2.0,0,0,3,7,2160,0,17,2460,7737,0
619400.0,4,2.0,2090,3610,1.5,0,0,5,7,1790,300,88,1660,3767,0
635000.0,4,3.25,3420,6752,2.0,0,2,3,9,3030,390,3,3010,5172,0
255000.0,2,1.0,1220,2500,1.0,0,0,3,6,770,450,105,1540,3000,0
705000.0,3,2.5,2820,7200,1.0,0,3,3,9,1780,1040,36,2300,7200,0
330000.0,4,2.0,1180,7275,1.0,0,0,3,7,1180,0,50,1210,7275,0
520000.0,2,1.0,1250,3708,1.5,0,0,3,7,1250,0,89,1430,3708,0
605500.0,3,2.5,2830,6536,2.0,0,0,3,9,2830,0,26,2710,6954,0
707500.0,3,1.0,1500,2555,2.0,0,2,3,7,1500,0,105,1820,2555,0
230000.0,3,1.75,1140,1165,2.0,0,0,3,8,1140,0,1,1150,1552,0
205000.0,3,1.0,1010,8800,1.0,0,0,4,7,1010,0,47,1550,7700,0
515000.0,3,2.5,1820,5280,1.0,0,0,4,7,910,910,66,1600,4820,0
357000.0,3,2.0,2460,53882,1.0,1,4,3,7,2460,0,60,2660,32625,0
244500.0,3,1.75,1210,8864,1.0,0,0,3,7,1210,0,30,1510,8062,0
278000.0,3,2.25,2120,9804,2.0,0,0,3,7,2120,0,21,2120,7200,0
650000.0,6,2.75,3610,10003,1.5,0,0,4,8,3610,0,49,2560,10004,0
441500.0,3,2.5,2360,4670,2.0,0,0,3,7,2360,0,17,2420,5620,0
280000.0,3,2.75,1740,5639,1.0,0,3,3,7,1740,0,5,2380,5331,0
607000.0,3,1.0,1230,8114,1.0,0,0,4,7,1230,0,64,2220,8114,0
380000.0,3,2.25,1600,39848,1.0,0,3,4,8,1600,0,57,1600,39848,0
600000.0,5,2.25,2760,6350,1.0,0,0,3,7,1380,1380,57,2060,6342,0
394999.0,3,1.5,1730,7800,1.0,0,0,3,7,1330,400,57,1780,8309,0
1580000.0,4,3.5,5830,131116,2.0,0,0,3,11,5830,0,10,5340,207206,0
267000.0,3,1.75,1440,10920,1.0,0,0,4,8,1440,0,38,1720,8260,0
625000.0,3,1.0,1240,4080,1.0,0,0,3,7,1240,0,90,2060,4080,0
650000.0,4,2.75,3260,5335,2.0,0,0,3,9,3260,0,12,3180,5438,0
415000.0,1,2.0,3000,204732,2.5,0,2,3,8,3000,0,36,2330,213008,0
856000.0,3,1.5,1480,2700,1.5,0,0,3,7,1480,0,87,1970,4200,0
799000.0,4,2.5,3400,6742,2.0,0,0,3,9,3400,0,11,2970,6909,0
507250.0,3,2.5,2270,5536,2.0,0,0,3,8,2270,0,12,2270,5731,0
675000.0,3,2.5,2250,4134,2.0,0,0,3,9,2250,0,11,2390,4134,0
485000.0,3,1.5,1870,7853,1.0,0,0,3,7,1300,570,53,1870,8300,0
265000.0,2,1.0,820,8423,1.0,0,2,3,6,820,0,58,1960,9140,0
425000.0,3,2.25,1790,10209,1.0,0,0,3,7,1290,500,48,1840,9900,0
430000.0,2,2.5,2420,60984,2.0,0,0,3,7,2420,0,8,1940,193842,0
635500.0,3,2.0,1660,3600,1.0,0,0,3,7,1000,660,76,1700,4356,1
780000.0,3,2.25,2130,11782,1.0,0,0,4,8,1590,540,38,2700,11782,0
525000.0,5,3.25,2480,10277,2.0,0,0,5,8,1640,840,22,2270,10277,0
760000.0,4,3.25,2690,3995,2.0,0,0,3,9,2060,630,1,1810,4590,0
370000.0,3,1.5,1360,1167,3.0,0,0,3,8,1360,0,7,1360,1167,0
540000.0,4,2.75,2830,7334,2.0,0,0,3,8,2830,0,10,2830,7378,0
450000.0,3,2.0,2290,16258,1.0,0,0,5,8,2290,0,55,1660,10530,0
862500.0,4,2.5,3220,4400,2.0,0,2,3,9,2180,1040,78,3000,5000,0
320000.0,4,2.25,2000,10374,2.0,0,1,4,7,2000,0,48,2170,10374,0
282000.0,4,1.75,1660,10725,1.0,0,0,3,7,960,700,59,1340,9023,0
725000.0,3,1.75,1920,3300,1.0,0,0,4,8,960,960,102,1740,4000,0
320000.0,2,1.0,950,5316,1.0,0,2,3,7,950,0,67,1620,6085,0
760000.0,3,2.5,2280,12746,1.0,0,0,4,8,1490,790,42,2100,12746,0
725000.0,6,3.0,2480,12000,2.0,0,0,3,8,2480,0,43,2220,8580,0
895000.0,4,3.0,3570,10273,1.5,0,3,3,9,2630,940,80,3640,15324,1
500000.0,3,1.0,1440,54315,1.0,0,0,3,7,790,650,41,2690,40518,0
650000.0,3,2.0,1340,2720,1.5,0,0,3,7,1340,0,102,2030,4590,0
1090000.0,3,3.0,2830,6041,2.0,0,3,3,8,1840,990,100,3420,6360,0
675000.0,4,2.25,2260,8715,1.0,0,0,4,8,1530,730,39,2220,8650,0
422500.0,3,1.0,1270,8920,1.0,0,0,5,7,1270,0,46,1590,8589,0
387000.0,3,1.5,1340,6500,1.0,0,0,3,7,1340,0,43,1620,7107,0
1950000.0,4,3.25,7420,167869,2.0,0,3,3,12,7420,0,13,5610,169549,0
2200000.0,4,3.0,3540,11098,2.0,0,0,3,10,3000,540,75,3430,8214,0
598000.0,4,2.5,3130,40918,2.0,0,0,3,9,3130,0,21,2760,35440,0
269900.0,4,1.75,1530,8750,1.5,0,0,4,7,1530,0,47,1390,8750,0
411000.0,4,2.75,2150,9915,1.0,0,0,5,8,1240,910,39,1980,9325,0
187000.0,2,1.0,860,5400,1.0,0,0,4,5,860,0,62,960,5400,0
294000.0,2,2.5,1380,889,2.0,0,0,3,7,1140,240,3,1580,1397,0
615000.0,4,1.0,1340,2006,1.5,0,0,3,7,1340,0,84,2040,3625,0
375000.0,6,2.0,1900,8057,1.0,0,0,4,7,1170,730,56,2090,8626,0
815000.0,5,3.5,3500,10794,2.0,0,0,3,10,3500,0,19,3110,10837,0
235000.0,2,1.0,670,5600,1.0,0,0,3,6,670,0,112,1960,7176,0
204000.0,2,2.5,1090,13444,2.0,0,0,3,7,1090,0,8,1380,6000,0
1690000.0,3,3.25,5290,224442,2.0,0,0,4,11,4540,750,27,3750,84936,0
481500.0,3,1.75,2140,6000,1.0,0,0,3,7,1070,1070,67,1240,4650,0
495000.0,2,2.0,1540,7110,1.0,0,0,3,7,960,580,66,1860,7065,0
219900.0,3,1.0,910,6000,1.0,0,0,2,6,910,0,59,1090,6957,0
445000.0,3,1.75,1890,32340,1.5,0,3,3,8,1890,0,39,1890,40180,0
357500.0,3,1.0,1450,8100,1.0,0,0,3,6,1450,0,63,1450,7800,0
620000.0,4,1.75,2350,18800,1.0,0,2,3,8,2350,0,56,3050,14640,0
1280000.0,5,4.25,5040,9466,2.0,0,0,3,11,5040,0,11,4300,9417,0
379950.0,3,1.0,1270,6900,1.0,0,0,3,7,1270,0,38,1480,7280,0
659950.0,4,2.75,3550,9400,2.0,0,0,3,9,3550,0,1,3550,9421,0
580000.0,3,2.5,1740,1236,3.0,0,2,3,8,1740,0,7,1740,1280,0
245000.0,2,1.5,690,1058,2.0,0,0,3,7,690,0,10,690,1058,0
395000.0,3,2.5,2310,4930,2.0,0,0,4,8,2310,0,26,2230,5324,0
3600000.0,3,3.25,5020,12431,2.0,1,4,3,10,3420,1600,74,3680,12620,1
235000.0,2,1.0,1210,9400,1.0,0,0,2,6,1210,0,66,1580,6026,0
499950.0,5,3.5,3200,43560,2.0,0,0,3,7,3200,0,26,2730,43560,0
450000.0,3,2.0,1680,4886,2.0,0,0,3,7,1180,500,75,1400,4900,0
710000.0,3,3.5,2440,3427,2.0,0,0,3,7,1990,450,15,2440,2601,0
1700000.0,4,3.5,4330,15335,2.0,0,0,4,11,3230,1100,27,3840,14311,0
775000.0,4,2.25,4220,24186,1.0,0,0,3,8,2600,1620,31,2410,30617,0
750000.0,4,2.75,2640,3750,2.0,0,0,5,7,1840,800,104,1690,5000,0
295500.0,3,1.75,1590,41550,1.5,0,0,3,6,1290,300,82,2990,6464,0
399000.0,3,2.5,1800,3300,2.0,0,0,3,7,1690,110,11,1570,3902,0
567500.0,3,2.5,2280,2502,2.0,0,0,3,8,1880,400,9,2280,2812,0
510000.0,4,1.5,1320,14250,1.0,0,0,4,7,1320,0,61,1720,14250,0
513000.0,4,2.75,2020,7070,1.0,0,0,5,7,1010,1010,57,1390,6000,0
329950.0,2,1.0,900,5220,1.0,0,0,4,6,900,0,59,1480,6660,0
768000.0,5,2.75,3030,13640,2.0,0,0,4,8,3030,0,35,2500,13225,0
320000.0,3,1.75,2220,11646,1.0,0,0,3,7,1270,950,65,1490,10003,0
245700.0,3,2.25,1640,8400,1.0,0,0,3,8,1180,460,47,1600,8120,0
244615.0,3,2.5,2060,4030,2.0,0,0,3,7,2060,0,16,2060,4029,0
363000.0,4,2.5,2180,9281,2.0,0,0,3,8,2180,0,11,2520,9520,0
402500.0,2,1.0,800,2280,1.0,0,0,5,6,800,0,69,1310,4200,0
792000.0,3,2.5,3320,12840,1.0,0,0,3,10,2600,720,25,3230,14933,0
589000.0,4,2.25,2390,57599,2.0,0,0,3,8,2390,0,34,2390,38186,0
599999.0,9,4.5,3830,6988,2.5,0,0,3,7,2450,1380,77,1460,6291,0
805000.0,5,4.5,4600,7810,2.0,0,0,3,9,3200,1400,9,4480,6324,0
345000.0,3,2.75,2190,7258,2.0,0,0,3,8,2190,0,15,2190,8645,0
374000.0,3,1.0,1200,9800,1.0,0,0,4,7,1200,0,44,1220,10220,0
550000.0,5,2.75,3000,9473,1.0,0,0,3,8,1500,1500,49,2050,8820,0
1320000.0,4,3.5,3460,3997,2.0,0,0,3,10,2560,900,11,1860,4000,0
575000.0,4,2.75,1960,4635,1.0,0,0,4,7,1000,960,47,1830,6180,0
296000.0,3,2.5,1560,5845,2.0,0,0,3,7,1560,0,12,1860,5752,0
591500.0,4,2.5,1690,4080,1.5,0,0,4,7,1140,550,103,1600,4590,0
585000.0,3,1.0,1450,5378,1.0,0,0,3,7,1190,260,76,1810,5559,0
565000.0,4,2.25,2470,7447,2.0,0,0,3,8,2470,0,31,2270,7400,0
212700.0,2,1.0,940,5040,1.0,0,0,3,7,940,0,89,940,5040,0
472000.0,3,2.5,1180,1262,3.0,0,0,3,8,1180,0,5,1180,2632,0
402300.0,3,1.75,1480,4050,1.0,0,0,3,7,870,610,89,1350,4500,0
1020000.0,3,2.5,2920,34527,1.0,0,4,4,9,1800,1120,61,2480,7933,0
541900.0,3,2.5,1880,3054,2.0,0,0,3,8,1880,0,27,1840,3815,0
303000.0,4,2.5,2100,6783,2.0,0,0,3,8,2100,0,12,2100,6192,0
915000.0,6,3.75,2930,14980,2.0,0,3,3,9,2930,0,2,3210,10787,0
712500.0,3,1.5,1660,8797,1.0,0,0,4,7,1660,0,59,2350,10053,0
790000.0,4,3.5,2720,3000,2.0,0,0,3,9,2250,470,1,1600,4600,0
539900.0,3,2.5,2500,4203,2.0,0,0,3,8,2500,0,14,2460,4798,0
469950.0,5,2.5,2310,8303,1.0,0,0,3,7,1300,1010,40,1930,8303,0
679950.0,5,2.75,3600,9437,2.0,0,0,3,9,3600,0,1,3550,9421,0
710000.0,2,1.5,1640,4080,1.5,0,0,5,7,1540,100,99,1880,4080,0
1000000.0,3,1.0,1880,5450,1.5,0,0,4,8,1880,0,91,2580,5450,0
409000.0,3,2.5,2740,9168,2.0,0,0,3,9,2740,0,24,2690,10554,0
174900.0,3,1.0,1100,6000,1.5,0,0,2,6,1100,0,89,960,5880,0
685000.0,4,1.0,1550,15239,1.5,1,4,3,6,1370,180,85,1790,22047,0
275000.0,3,3.0,1390,1080,2.0,0,0,3,7,1140,250,9,1450,1081,0
197400.0,3,2.0,1610,7575,1.0,0,0,4,7,1110,500,50,1920,8400,0
270000.0,3,2.5,1770,8640,1.0,0,0,3,7,1420,350,29,1894,7974,0
417000.0,4,2.0,2090,4000,1.0,0,0,3,6,1060,1030,108,1590,4000,0
489950.0,4,2.25,2640,31941,1.0,0,0,4,9,2640,0,29,2780,35365,0
607500.0,3,3.25,1530,1612,3.0,0,0,3,8,1530,0,9,1530,1611,0
750500.0,4,2.5,2860,9159,1.0,0,0,4,8,1530,1330,26,2070,8680,0
399000.0,3,2.5,1430,1250,3.0,0,0,3,7,1430,0,8,1360,1269,0
312500.0,2,1.0,870,7227,1.0,0,0,3,7,870,0,67,1250,7252,0
695000.0,3,2.5,4560,17622,2.0,0,0,4,9,3800,760,29,2360,15000,0
267000.0,3,1.5,1090,8160,1.0,0,0,3,7,1090,0,48,1260,7560,1
439990.0,3,2.5,1930,1348,2.0,0,0,3,8,1300,630,10,1630,6000,0
235000.0,2,1.0,930,10505,1.0,0,0,3,6,930,0,85,1520,8881,0
435000.0,3,1.0,950,10080,1.0,0,0,4,7,950,0,61,1060,10000,0
400000.0,3,1.0,1630,10304,1.0,0,0,5,7,1630,0,62,1480,8515,0
408000.0,3,1.75,1600,313672,1.0,0,0,4,7,1600,0,55,1780,90860,0
285000.0,3,1.75,1720,13104,1.0,0,0,4,7,1720,0,53,1840,13104,0
300000.0,3,1.75,1700,8481,2.0,0,0,3,7,1700,0,22,1830,6600,0
385195.0,1,1.0,710,6000,1.5,0,0,3,6,710,0,0,1440,4800,0
527000.0,4,2.25,2330,19436,2.0,0,0,3,8,2330,0,28,1910,10055,0
219950.0,2,1.0,990,6448,1.0,0,0,3,7,990,0,67,1130,7200,0
835000.0,3,1.0,3060,30166,1.0,0,0,5,8,3060,0,56,1880,19602,0
405000.0,3,2.5,2160,10200,1.0,0,0,3,7,1360,800,37,2010,7850,0
304500.0,4,2.5,2030,5202,2.0,0,0,3,8,2030,0,14,2260,5232,0
292000.0,3,2.25,1780,9720,1.0,0,0,3,8,1280,500,34,1710,9790,0
234000.0,2,1.0,870,11100,1.0,0,0,3,6,870,0,75,1370,10404,0
550000.0,4,3.0,2760,13113,1.0,0,0,4,8,1760,1000,41,1900,13113,0
789800.0,3,2.5,2605,2216,2.0,0,2,3,9,2090,515,36,2605,2300,0
290000.0,1,1.0,550,5700,1.0,0,0,2,6,550,0,99,1100,4560,0
260000.0,4,2.75,2250,7345,1.0,0,0,4,8,1320,930,31,1800,6950,0
365000.0,3,1.75,1830,17349,1.0,0,0,3,8,1230,600,38,1840,11694,0
398000.0,3,2.5,1720,1715,2.0,0,0,3,7,1240,480,11,1610,1626,0
713000.0,5,2.75,2580,9242,2.0,0,2,4,8,1720,860,48,2240,9316,0
1120000.0,5,2.75,4400,18500,1.0,0,3,5,9,2250,2150,52,3290,19257,0
190000.0,2,1.5,1400,9031,1.0,0,0,3,7,960,440,33,1450,7658,0
542300.0,3,2.25,1580,1487,3.0,0,0,3,9,1580,0,2,1600,1525,0
352500.0,3,1.5,1360,7680,1.0,0,0,3,7,1360,0,60,1630,7679,0
395000.0,3,3.5,1450,1263,2.0,0,0,3,8,1160,290,8,1390,1282,0
650000.0,10,2.0,3610,11914,2.0,0,0,4,7,3010,600,57,2040,11914,0
300000.0,3,2.5,1320,2614,2.0,0,0,3,7,1320,0,10,1320,2533,0
276000.0,3,2.5,2495,4400,2.0,0,0,3,8,2495,0,8,2434,4400,0
309500.0,3,1.5,1340,13560,1.0,0,0,3,7,1340,0,47,1540,15000,0
160000.0,3,1.75,1370,8006,2.0,0,0,3,7,1370,0,25,1530,8006,0
290000.0,2,2.0,1590,9375,1.0,0,0,3,7,910,680,32,1560,8524,0
283200.0,4,1.75,1830,12540,1.0,0,0,4,8,1130,700,57,2020,12540,0
700000.0,3,1.75,1350,4000,1.5,0,0,4,7,1350,0,90,1880,4000,0
367899.0,3,2.5,2420,4725,2.0,0,0,3,8,2420,0,1,2370,4200,0
269900.0,5,1.75,1750,8325,1.0,0,0,5,7,1750,0,49,1430,8325,0
416000.0,3,2.5,1710,1296,3.0,0,0,3,8,1510,200,11,1610,1282,0
1210000.0,4,3.75,3250,10949,2.0,0,0,4,9,2940,310,85,2340,15234,0
322000.0,3,1.0,1230,9660,1.0,0,0,3,7,1230,0,47,1380,10125,0
455000.0,3,1.75,1700,8360,1.0,0,0,4,7,850,850,60,1520,8360,0
1760000.0,3,2.0,2360,4800,2.0,0,0,3,9,2360,0,106,2260,4800,1
375000.0,3,1.75,1590,14766,1.0,0,0,3,8,1590,0,52,2040,10190,0
350000.0,5,3.0,2320,8400,1.0,0,0,3,7,1510,810,52,1200,4800,0
670000.0,3,1.5,1220,4080,1.5,0,0,5,7,1220,0,101,1320,4080,0
410000.0,3,2.5,1740,4948,2.0,0,0,3,7,1740,0,7,1290,3383,0
485000.0,4,2.25,1900,7200,1.0,0,0,3,8,1370,530,38,2030,8008,0
530000.0,5,2.25,2140,7910,1.0,0,0,3,7,1070,1070,53,1680,8700,0
767450.0,3,2.0,1630,7599,1.0,0,0,3,10,1630,0,9,2030,7599,0
540000.0,3,2.25,1670,3135,2.0,0,0,3,8,1220,450,13,1630,1596,0
787500.0,4,1.75,1580,9382,1.0,0,0,3,7,1080,500,52,2010,9382,0
688000.0,3,1.5,1760,4880,1.5,0,3,3,8,1290,470,87,1840,4998,0
208800.0,3,2.5,1390,2450,2.0,0,0,3,7,1390,0,6,1390,2450,0
239000.0,3,1.0,940,8571,1.0,0,0,3,6,940,0,65,1100,8573,0
905000.0,4,2.75,2730,4268,2.0,0,1,3,9,2730,0,6,2340,5000,0
283450.0,5,2.75,2770,6116,1.0,0,0,3,7,1490,1280,36,1920,6486,0
590000.0,4,2.75,2910,10650,1.0,0,2,3,8,1780,1130,40,2920,10988,0
518000.0,4,2.5,2790,9910,2.0,0,0,3,8,2790,0,12,2590,9910,0
725000.0,5,2.75,2830,5310,2.0,0,0,3,9,2830,0,9,3150,6581,0
275000.0,3,1.0,1320,11090,1.0,0,0,3,7,1320,0,60,1320,8319,0
505000.0,4,2.5,3170,5340,2.0,0,0,3,7,3170,0,15,3010,5340,0
389999.0,3,2.25,1445,1471,2.0,0,0,3,7,1300,145,12,1410,1399,0
320000.0,3,1.75,1510,30185,1.5,0,0,3,7,1510,0,39,1470,12465,0
490000.0,5,3.5,4460,2975,3.0,0,2,3,10,3280,1180,0,2490,4231,0
810000.0,3,2.0,2870,6360,1.5,0,1,4,8,1790,1080,69,2310,6466,0
280000.0,1,0.75,420,6720,1.0,0,0,3,5,420,0,93,1420,6720,0
235000.0,4,2.0,1570,9415,2.0,0,0,4,7,1570,0,31,1550,8978,0
631000.0,3,2.25,1670,1396,2.0,0,0,3,9,1250,420,0,1610,5191,0
550000.0,3,2.5,1840,3035,1.0,0,0,3,7,920,920,89,1780,4000,0
641000.0,5,2.75,3710,8674,2.0,0,0,3,9,3710,0,19,3250,8678,0
575000.0,3,1.75,1530,6743,1.0,0,0,3,7,1410,120,60,2040,6000,0
419600.0,3,1.75,1680,8460,1.0,0,0,3,7,1180,500,39,1890,9529,0
235000.0,5,1.0,1500,9282,1.5,0,0,5,6,1500,0,49,1520,9639,0
480000.0,3,1.0,1160,8800,1.0,0,0,4,7,1160,0,56,1750,8400,0
937500.0,4,2.5,3130,21100,1.0,0,4,3,9,2530,600,59,3680,23000,0
835000.0,2,3.25,3570,392475,1.0,0,0,3,9,2370,1200,17,3190,217800,0
250000.0,3,1.5,2840,10182,1.0,0,0,3,8,1510,1330,64,2210,9669,0
479000.0,3,2.5,1260,889,3.0,0,0,3,8,1260,0,7,1340,1324,0
315000.0,2,1.0,970,5665,1.0,0,0,4,6,970,0,107,1490,4429,0
842500.0,5,4.0,2980,4500,1.5,0,0,3,7,2070,910,94,1560,4225,0
545000.0,4,2.25,2030,11585,1.0,0,0,4,7,1590,440,48,1960,8977,0
430000.0,2,2.25,1040,1516,2.0,0,0,3,8,1040,0,7,1560,1920,0
920000.0,4,2.5,3550,10233,2.0,0,0,3,9,3550,0,19,3310,9157,0
496752.0,2,1.0,1980,5000,1.0,0,0,4,7,1090,890,92,1720,5000,0
550000.0,3,2.5,2080,7749,2.0,0,0,3,8,2080,0,27,2210,7471,0
530000.0,3,1.0,1340,4284,1.0,0,0,3,7,1080,260,105,1960,4080,0
620000.0,5,2.5,3070,34991,2.0,0,0,3,9,3070,0,20,2150,19515,0
700000.0,4,3.5,4490,5099,2.0,0,0,3,9,3390,1100,9,4290,5537,0
850000.0,5,2.75,3430,15119,2.0,0,0,3,10,3430,0,17,3430,12045,0
600000.0,4,2.75,3110,11225,2.0,0,0,3,8,3110,0,3,2610,8535,0
539000.0,2,1.75,1900,5175,1.0,0,0,3,7,1200,700,96,1370,5175,0
219950.0,3,1.5,1070,6601,1.0,0,0,3,6,1070,0,30,1030,6614,0
646000.0,3,2.75,2460,6413,2.0,0,0,3,9,2460,0,11,2440,6092,0
462500.0,6,3.0,2390,4000,2.0,0,0,3,7,2390,0,1,1680,5000,0
335000.0,4,2.0,2030,103672,1.0,0,0,4,7,2030,0,46,1560,325393,0
446000.0,4,2.5,1530,8375,1.0,0,0,3,7,1020,510,41,1650,9794,0
342000.0,4,1.0,1390,9023,1.5,0,0,3,7,1390,0,60,1760,9023,0
570000.0,3,2.5,2420,11953,1.0,0,0,3,9,2420,0,25,2420,12215,0
352500.0,3,1.5,1470,17577,1.0,0,0,5,7,1470,0,48,2300,13832,0
849900.0,2,2.0,2280,641203,2.0,0,0,3,9,2280,0,25,2030,224334,0
510000.0,4,4.0,3530,10935,2.0,0,0,3,10,3530,0,23,3360,11250,0
408474.0,3,2.5,1800,2731,2.0,0,0,3,8,1800,0,1,1800,3265,0
535000.0,3,2.5,1690,9626,2.0,0,0,3,8,1690,0,31,1860,8958,0
247500.0,2,1.0,700,6046,1.0,0,0,3,6,700,0,65,990,6790,0
1030000.0,5,4.0,3760,28040,2.0,0,0,3,10,3760,0,32,3430,35096,0
630000.0,4,2.5,2540,8706,2.0,0,0,3,9,2540,0,18,2540,6239,0
479900.0,3,2.0,1980,12150,1.0,0,0,3,9,1980,0,21,2200,12150,0
405000.0,4,2.75,2360,7716,1.0,0,0,3,7,1390,970,37,2160,8794,0
136500.0,3,1.5,1420,8580,1.0,0,0,3,6,1420,0,53,1200,8580,0
1700000.0,4,4.5,3860,15246,2.0,0,4,3,11,2940,920,11,3750,14790,0
507950.0,4,2.5,2630,6283,2.0,0,0,3,9,2630,0,9,2630,7210,0
935000.0,4,3.5,3510,11200,2.0,0,0,3,11,3510,0,14,3600,12124,0
515000.0,2,1.0,1640,5200,1.0,0,0,4,7,1040,600,78,1780,5040,0
339950.0,4,2.25,2670,9040,1.0,0,0,3,8,2170,500,60,1880,2648,0
490000.0,4,2.5,3020,8302,2.0,0,0,4,10,3020,0,21,3020,8406,0
450000.0,3,1.75,1830,5488,1.0,0,2,4,7,1010,820,76,1200,5488,0
897500.0,4,3.0,4370,217882,2.0,0,0,3,10,4370,0,31,2430,35096,0
212000.0,3,1.5,1060,9225,1.0,0,0,4,7,1060,0,60,1270,9375,0
315000.0,4,2.75,2200,8580,1.0,0,0,3,8,1860,340,24,2290,7816,0
475000.0,5,2.5,2010,3600,1.5,0,0,3,6,1510,500,103,1780,3600,0
550000.0,3,2.5,2430,5400,2.0,0,0,3,8,2430,0,8,2640,11990,0
828000.0,4,2.5,3520,9901,2.0,0,0,3,10,3520,0,17,3490,9667,0
546500.0,3,2.5,1410,2675,1.0,0,0,3,7,820,590,30,1410,4013,0
197000.0,4,1.0,1360,11175,1.0,0,0,3,7,1360,0,54,1340,9702,0
475000.0,3,2.25,1380,1621,2.0,0,0,3,8,1140,240,8,1460,1403,0
445000.0,4,2.0,2630,9099,1.5,0,0,3,7,1830,800,71,1430,6825,1
216500.0,3,1.0,1020,11652,1.0,0,0,4,6,1020,0,44,1690,11652,0
952500.0,4,1.5,2550,5055,2.0,0,0,4,10,2550,0,105,1970,4431,0
648360.0,4,1.75,2260,7005,1.0,0,1,4,7,1130,1130,68,2330,9180,0
1650000.0,4,3.25,4200,210394,2.0,0,0,4,10,4200,0,22,2370,184694,0
623000.0,4,2.75,2300,12633,2.0,0,0,3,9,2300,0,31,2240,9246,0
440250.0,3,1.5,1850,8124,1.0,0,0,4,7,1850,0,67,1530,8123,0
860000.0,4,2.5,3560,11119,1.0,0,2,3,10,2290,1270,29,3290,11385,0
615000.0,5,2.25,2480,12070,2.0,0,0,3,9,2480,0,37,2570,12000,0
490000.0,4,2.25,2800,10800,1.0,0,0,3,8,1680,1120,38,2260,9800,0
575000.0,4,1.75,2020,6200,1.0,0,0,4,6,1010,1010,67,1440,4158,0
515000.0,3,2.5,2130,219978,2.0,0,0,3,8,2130,0,29,3340,217800,0
580000.0,7,2.75,2310,2400,1.5,0,0,3,6,2310,0,100,1340,3825,0
317000.0,3,1.5,1060,5750,1.0,0,0,2,7,1060,0,34,1060,5750,0
389000.0,2,2.0,1200,7131,1.0,0,0,3,8,1200,0,9,1670,4601,0
603500.0,4,2.5,4060,9734,1.0,0,4,3,9,2150,1910,38,2750,10370,0
234950.0,2,2.5,1720,3132,2.0,0,0,3,8,1720,0,16,1740,4220,0
825000.0,3,2.25,2980,86636,1.0,0,0,3,9,2230,750,26,2980,107157,0
220000.0,2,1.0,890,4804,1.0,0,0,4,7,890,0,87,1010,3844,0
126000.0,1,1.0,610,4400,1.0,0,0,3,5,610,0,93,1090,4930,0
479000.0,2,2.5,1741,1439,2.0,0,0,3,8,1446,295,8,2090,10454,0
499950.0,3,2.5,1520,2208,2.0,0,0,3,8,1040,480,8,1610,1618,0
492650.0,4,1.75,2120,9786,1.0,0,0,3,8,1640,480,48,2310,8787,0
340000.0,2,1.75,1270,1916,2.0,0,0,3,8,1270,0,3,1140,1916,0
1030000.0,4,3.5,4370,10860,2.0,0,0,3,11,4370,0,7,3560,8070,0
467000.0,5,2.25,2500,13500,1.0,0,0,3,7,1850,650,36,2300,9750,0
543000.0,3,2.25,1240,949,3.0,0,0,3,8,1240,0,7,1310,1140,0
456000.0,3,2.0,1870,8442,1.5,0,0,5,7,1060,810,88,1640,6174,0
337000.0,4,2.5,2230,5970,2.0,0,0,4,7,2230,0,13,1970,4919,0
845000.0,4,2.5,2390,5071,2.0,0,0,3,9,1760,630,27,1940,5071,0
236000.0,3,1.75,1330,6301,1.0,0,0,3,7,1330,0,17,1330,6144,0
1280000.0,4,3.0,3260,4500,2.0,0,0,3,9,2300,960,85,2410,4995,1
445000.0,5,3.0,2420,11250,2.0,0,0,3,8,2420,0,2,1510,9950,0
345000.0,3,2.5,1360,1489,2.0,0,0,3,8,1360,0,8,1360,1688,0
1190000.0,4,3.0,2240,6000,1.5,0,0,4,8,1270,970,101,2240,4250,0
175000.0,3,1.0,1150,8924,1.0,0,0,3,6,1150,0,72,1492,8924,0
219950.0,3,1.0,1200,7727,1.0,0,0,4,7,1200,0,56,1300,7718,0
1900000.0,4,3.25,5080,27755,2.0,0,0,3,11,5080,0,14,4730,22326,0
490000.0,2,1.0,990,5000,1.0,0,0,3,7,990,0,74,2250,6032,0
271115.0,2,1.5,830,1325,2.0,0,0,3,7,830,0,10,1310,1485,0
520000.0,2,2.25,1530,981,3.0,0,0,3,8,1480,50,9,1530,1282,0
490000.0,3,1.75,1540,9000,1.0,0,0,3,8,1540,0,44,1710,7488,0
1400000.0,3,2.75,3130,19530,1.0,1,4,3,8,1690,1440,68,2980,18782,0
185000.0,3,1.0,840,12091,1.0,0,0,3,6,840,0,56,840,9324,0
390000.0,3,2.0,1463,868,3.0,0,0,3,7,1463,0,12,1484,4320,0
850000.0,2,2.0,2640,13939,1.0,0,1,5,8,1640,1000,52,2880,14810,0
565000.0,4,2.5,2500,12090,1.0,0,0,3,9,2500,0,32,3380,12760,0
780000.0,4,3.25,3900,40962,2.0,0,0,3,10,3900,0,24,1730,11775,0
492000.0,3,2.25,2100,7335,2.0,0,0,3,8,2100,0,32,2050,8930,0
399950.0,2,1.0,710,1157,2.0,0,0,4,7,710,0,72,1370,1173,0
180000.0,3,1.0,1010,8863,1.0,0,0,4,6,1010,0,25,1090,8410,0
290000.0,3,1.75,1590,13500,1.0,0,0,4,7,1090,500,35,1540,10375,0
780000.0,4,2.75,3430,6500,2.0,0,0,3,9,3050,380,9,3070,6802,0
215000.0,3,1.0,810,5240,1.0,0,0,3,6,810,0,73,1700,5245,0
1290000.0,5,3.5,3210,4060,2.0,0,2,3,10,2290,920,98,1940,5000,1
450000.0,2,1.0,1020,5000,1.5,0,0,4,6,1020,0,109,1490,5000,0
489000.0,4,2.5,3910,8442,2.0,0,0,3,9,2710,1200,15,2650,7576,0
169575.0,3,1.0,1300,8284,1.0,0,0,3,7,1300,0,47,1360,7848,0
462000.0,3,2.75,1890,2614,2.0,0,0,4,9,1890,0,36,1800,2769,0
329000.0,4,2.0,1190,7877,1.5,0,0,5,7,1190,0,69,1480,9975,0
417200.0,2,1.0,1000,4000,1.0,0,0,3,6,1000,0,105,1490,5000,0
2880000.0,4,2.5,5760,32033,2.0,0,4,4,12,4390,1370,21,3420,28475,0
711800.0,4,2.25,2410,16650,1.0,0,0,4,8,2410,0,50,2720,11141,0
350000.0,3,1.75,2010,6150,2.0,0,0,5,7,2010,0,76,1770,7380,0
257500.0,1,1.0,710,6060,1.0,0,0,4,6,710,0,99,1440,4545,0
245000.0,3,2.0,1440,7008,1.0,0,0,3,7,1440,0,30,1680,7200,0
230500.0,2,1.0,740,8853,1.0,0,0,3,6,740,0,72,850,8775,0
606500.0,3,2.5,2170,5500,2.0,0,0,3,8,2170,0,15,2170,5862,0
241000.0,3,1.0,1150,10000,1.0,0,0,3,6,1000,150,64,1340,10000,0
729032.0,4,2.5,2840,12866,1.0,0,0,4,9,1780,1060,38,2840,13209,0
308000.0,3,1.75,1680,8629,1.0,0,0,3,8,1200,480,38,1990,8400,0
380000.0,4,1.75,1740,9150,1.0,0,0,3,7,1740,0,41,1540,9147,0
445000.0,2,1.0,1440,3225,1.0,0,0,3,7,960,480,100,1160,3630,0
1400000.0,4,3.5,4380,66613,1.5,0,0,3,11,4380,0,22,4010,70109,0
450000.0,3,2.75,1250,892,2.0,0,0,3,8,1040,210,5,1250,1296,0
390000.0,3,2.0,1930,12443,1.0,0,0,3,7,1930,0,46,1400,12183,0
1460000.0,4,4.0,4620,130208,2.0,0,0,3,10,4620,0,1,4620,131007,0
970000.0,2,1.0,1290,5376,1.0,0,0,3,6,1290,0,70,1180,5376,0
220000.0,3,1.0,1060,9126,1.0,0,2,5,7,1060,0,59,1300,9126,0
540000.0,6,3.0,2870,206474,2.0,0,0,3,7,2330,540,55,2380,59677,0
378500.0,2,1.0,730,7528,1.0,0,0,3,7,730,0,69,1620,7528,0
1100000.0,4,3.5,2760,5040,2.0,0,2,3,9,2760,0,60,2370,5760,1
579000.0,3,2.5,3160,286181,2.0,0,3,3,9,3160,0,13,2110,94663,0
104950.0,2,1.0,1170,8254,1.0,0,0,2,6,1170,0,66,1820,8922,0
350000.0,3,1.0,1050,5518,1.0,0,0,3,7,1050,0,67,1490,4269,0
325000.0,3,1.75,1840,17286,1.0,0,0,4,7,1440,400,37,1840,14541,0
725000.0,3,2.5,2090,9847,2.0,0,2,3,9,2090,0,32,2860,11483,0
296500.0,3,2.75,2170,7900,1.0,0,0,4,8,1380,790,37,2170,7700,0
905000.0,4,3.5,2970,14486,2.0,0,0,3,9,2340,630,18,3680,14486,0
375000.0,3,2.5,1440,1102,3.0,0,0,3,8,1440,0,6,1440,1434,0
590000.0,3,2.5,2650,9380,1.0,0,0,5,8,1680,970,40,2310,9600,0
581000.0,4,2.0,2510,13695,1.0,0,0,4,7,1280,1230,54,1220,12500,1
490000.0,4,2.25,2110,16200,1.0,0,0,3,8,1630,480,37,2370,16000,0
824000.0,7,4.25,3670,4000,2.0,0,1,3,8,2800,870,51,2010,4000,0
300000.0,4,2.5,1910,8058,2.0,0,0,3,8,1910,0,23,1910,6500,0
613500.0,3,2.5,2350,7035,2.0,0,0,3,8,2350,0,26,2270,7192,0
534000.0,5,2.0,2280,3600,2.0,0,0,3,7,2280,0,23,1740,1800,0
248000.0,2,1.0,770,8600,1.0,0,0,4,4,770,0,101,1420,6960,0
365000.0,3,2.25,2430,7614,1.5,0,0,3,8,1900,530,36,1720,11250,0
817500.0,4,2.5,2910,35679,2.0,0,0,4,9,2910,0,28,2720,36728,0
1130000.0,5,3.25,3080,13394,1.0,0,2,4,9,2230,850,47,2810,10720,0
208000.0,2,1.0,1160,5750,1.0,0,0,4,6,1160,0,91,1160,8250,0
369950.0,3,1.0,2430,10720,1.0,0,0,3,7,2430,0,38,1660,11560,0
330000.0,3,2.5,1450,5008,1.0,0,0,3,7,840,610,8,2120,5019,0
550000.0,2,1.0,980,3080,1.5,0,0,3,7,980,0,105,1450,3333,0
920000.0,3,1.0,1410,9656,1.0,0,0,3,7,960,450,62,2410,9384,0
906000.0,4,2.5,2480,5000,1.0,0,3,3,8,1480,1000,64,2240,6071,0
732000.0,3,2.5,1960,3060,2.0,0,0,3,8,1960,0,5,1220,3060,0
289950.0,4,2.25,2190,6906,1.0,0,0,4,7,1040,1150,38,1250,6440,0
564450.0,3,2.5,2710,6174,2.0,0,0,3,9,2710,0,17,2730,7266,0
465000.0,3,2.25,1450,1540,2.0,0,0,3,8,1180,270,10,1450,1540,0
308000.0,2,1.0,1080,6250,1.0,0,2,4,7,1080,0,73,2100,6875,0
252000.0,4,1.5,1550,19800,1.0,0,0,4,7,1050,500,46,1640,22654,0
465000.0,3,2.0,1560,8509,1.0,0,0,3,8,790,770,46,1410,7428,0
729000.0,3,1.0,1580,3840,2.0,0,0,3,8,1580,0,107,1680,2624,0
440000.0,3,2.0,1860,217800,2.0,0,2,3,8,1860,0,17,2500,217800,0
370900.0,3,1.5,1200,8560,1.0,0,0,4,7,1200,0,40,1550,7800,0
285000.0,3,1.75,1840,8601,1.0,0,0,3,7,920,920,110,1390,7452,1
835000.0,4,3.25,3270,6027,2.0,0,0,3,10,3270,0,14,3270,6546,0
530000.0,3,2.75,2440,45738,2.0,0,0,3,8,1840,600,28,2440,189100,0
299800.0,4,2.5,2410,4708,2.0,0,0,3,8,2410,0,13,2517,5290,0
541500.0,2,2.5,1900,3690,2.0,0,0,3,8,1900,0,9,1900,5153,0
295000.0,4,3.0,2120,7650,2.0,0,0,3,8,2120,0,51,2260,7885,0
328000.0,4,1.75,1990,7194,1.0,0,0,4,8,1400,590,37,1820,7400,0
870515.0,4,3.5,3600,5697,2.0,0,0,3,9,2940,660,1,3490,5911,0
695000.0,5,1.75,1790,9335,2.0,0,0,5,8,1790,0,63,1840,9612,0
520000.0,3,2.0,1670,8800,1.0,0,0,4,7,1150,520,54,2020,8250,0
650000.0,3,2.75,1540,1251,2.0,0,0,3,8,1230,310,13,1540,1287,0
294000.0,3,1.75,1420,1361,2.0,0,0,3,7,960,460,1,1340,1343,0
340000.0,3,2.5,1212,1174,3.0,0,0,3,7,1212,0,11,1256,1226,0
985000.0,4,2.25,4230,37769,2.0,0,0,3,11,4230,0,26,3890,37034,0
628000.0,4,2.0,2260,6000,1.0,0,0,3,8,1430,830,57,2030,5874,0
451000.0,4,1.5,1620,5444,1.5,0,0,3,8,1620,0,60,1620,6912,0
305500.0,4,2.5,1850,7199,2.0,0,0,4,7,1850,0,26,1940,7432,0
484950.0,3,2.25,1590,926,3.0,0,0,3,8,1590,0,1,1640,1321,0
540000.0,3,2.5,1720,11656,2.0,0,0,3,8,1720,0,28,1890,10336,0
290000.0,3,2.25,1880,7488,2.0,0,0,3,8,1880,0,35,2180,7344,0
364000.0,4,1.75,2010,8625,1.0,0,0,4,7,1340,670,58,1500,8400,0
565000.0,4,2.75,3260,4900,2.0,0,0,3,9,3260,0,2,3260,6132,0
763000.0,4,1.75,1850,4388,2.0,0,0,5,8,1850,0,74,1410,4107,0
470000.0,4,2.5,2680,8062,1.0,0,3,4,7,1530,1150,48,1920,8600,0
575000.0,2,1.75,1840,4076,1.0,0,0,3,8,1140,700,58,1540,4076,0
628000.0,5,2.75,2830,11795,1.0,0,0,4,7,1710,1120,55,2460,10880,0
447000.0,3,2.5,1650,3076,2.0,0,0,3,7,1650,0,12,1560,3064,0
350000.0,4,3.0,3380,16133,1.0,0,1,3,8,2330,1050,56,2500,11100,0
650000.0,4,2.5,2500,6005,2.0,0,0,3,9,2500,0,14,2680,7200,0
280000.0,4,2.25,1930,7207,1.0,0,0,4,7,1360,570,27,1760,7207,0
540000.0,3,2.5,1810,3930,2.0,0,0,3,8,1810,0,7,1560,5100,0
902500.0,3,3.5,3240,23522,2.0,0,0,3,10,2130,1110,23,3180,23273,0
360500.0,3,2.5,3300,11525,1.0,0,0,5,8,1650,1650,54,1950,9680,0
420000.0,4,1.75,2480,60548,1.0,0,0,4,7,1600,880,47,2390,90169,0
1030000.0,5,2.75,3190,16920,1.0,0,3,3,9,1690,1500,39,3100,13100,0
365000.0,4,2.5,1570,9600,1.0,0,0,3,7,800,770,43,1340,9110,0
1130000.0,4,2.5,2660,11200,2.0,0,0,3,9,2660,0,16,3290,11275,0
430000.0,3,2.0,1910,5040,1.5,0,0,3,8,1910,0,44,1980,4275,0
319900.0,4,2.75,2475,4276,2.0,0,0,3,7,2475,0,1,2475,4000,0
1450000.0,5,3.5,4170,9090,2.0,0,0,3,10,4170,0,7,1930,13635,0
260600.0,2,1.0,810,4560,1.0,0,0,3,7,810,0,87,1490,4560,0
500000.0,3,2.25,2210,7680,1.0,0,2,3,8,1730,480,43,2390,7680,0
345000.0,2,1.0,770,3008,1.0,0,0,4,5,770,0,98,1550,4563,0
580000.0,3,2.25,2190,8188,2.0,0,0,3,8,1810,380,37,2190,8374,0
110000.0,2,1.0,790,8250,1.0,0,0,3,6,790,0,68,900,8250,0
550000.0,3,1.0,1130,7500,1.0,0,0,3,7,880,250,68,2190,5250,0
485000.0,4,1.75,1430,4096,2.0,0,0,3,7,1430,0,115,1640,3377,0
210000.0,2,1.75,1000,3554,1.0,0,0,4,8,1000,0,40,1150,4000,0
969500.0,3,3.25,2080,3025,2.0,0,2,4,8,1220,860,31,2680,6518,0
580000.0,3,2.25,1900,3960,1.5,0,0,3,8,1200,700,110,1310,3960,0
556000.0,3,2.5,2750,35440,2.0,0,0,3,9,2750,0,21,2710,35440,0
500000.0,3,2.0,3040,41072,1.0,0,0,4,8,1520,1520,37,2230,54014,0
405000.0,2,0.75,1160,15029,1.0,0,0,4,6,870,290,78,1870,25346,0
279000.0,3,2.5,2010,11618,2.0,0,0,3,7,2010,0,25,1550,9354,0
395000.0,4,2.0,2240,7085,1.5,0,0,3,7,2240,0,71,1440,7085,0
555000.0,3,1.5,1740,4200,1.5,0,0,4,7,1640,100,95,1660,3750,0
780000.0,3,2.75,1970,2600,2.5,0,0,3,8,1970,0,91,1680,3120,0
399700.0,4,1.75,1320,4800,1.0,0,0,4,7,870,450,85,940,4800,0
728050.0,3,2.5,2320,6775,1.0,0,0,3,8,2320,0,7,1680,4750,0
337500.0,2,1.0,1300,6731,1.0,0,0,3,7,1300,0,65,1240,6731,0
370000.0,4,3.0,2490,5706,2.0,0,0,3,9,2490,0,10,2650,5880,0
615000.0,3,1.75,2620,8280,1.0,0,0,4,7,1330,1290,67,1530,8160,0
600000.0,3,1.75,2340,57499,1.0,0,0,3,8,2340,0,27,3260,137649,0
290000.0,3,2.5,1190,8175,1.0,0,0,3,7,1190,0,29,2230,9520,0
590000.0,3,2.0,3030,9374,1.0,0,1,4,7,2100,930,56,1990,6012,0
359000.0,4,2.5,1820,11325,1.0,0,0,3,8,1390,430,39,1990,10802,0
230000.0,2,1.0,720,5913,1.0,0,0,3,6,720,0,95,1560,6600,0
650000.0,3,2.5,2690,11575,1.0,0,3,3,8,2130,560,58,2390,11782,0
670000.0,3,1.0,1600,16868,1.0,0,1,3,7,990,610,69,2600,12735,0
520000.0,4,2.5,3290,11446,2.0,0,0,3,8,3290,0,23,2050,11933,0
246000.0,3,1.75,1390,7399,1.0,0,0,4,7,1390,0,40,1460,7800,0
144000.0,3,1.0,980,6800,1.0,0,0,3,6,980,0,69,1140,9975,0
1110000.0,5,3.5,7350,12231,2.0,0,4,3,11,4750,2600,14,5380,12587,0
310000.0,2,1.0,750,5379,1.0,0,0,3,6,750,0,96,1030,5511,0
808900.0,5,2.5,2900,5901,2.0,0,0,3,9,2900,0,9,3200,5775,0
306000.0,3,2.5,1870,5874,2.0,0,0,3,7,1870,0,10,2090,4060,0
350500.0,2,2.5,1770,4950,1.0,0,0,3,7,1770,0,12,1770,4500,0
675000.0,4,4.0,3680,18804,2.0,0,0,3,10,3680,0,25,3200,15954,0
267000.0,3,2.25,1584,2800,2.0,0,0,3,7,1584,0,3,1584,2800,0
325000.0,3,2.5,2550,4240,2.0,0,0,3,7,2550,0,9,2550,4240,0
234999.0,3,1.0,1330,8912,1.0,0,0,3,6,1330,0,67,1200,8913,0
439900.0,2,2.0,1410,12282,1.5,0,0,5,8,1410,0,106,1410,8931,0
730000.0,4,2.5,2750,10351,2.0,0,0,3,10,2750,0,17,3370,10351,0
1900000.0,5,4.5,5160,44315,2.0,0,0,3,12,5160,0,19,4760,44315,0
465000.0,5,1.5,1750,12491,1.0,0,0,3,6,1390,360,54,1560,12473,0
675000.0,3,2.25,2610,9002,2.0,0,0,3,9,2610,0,27,2320,8306,0
442500.0,4,2.5,2170,14024,2.0,0,0,3,8,2170,0,23,2240,14029,0
247500.0,3,1.0,1660,11060,1.0,0,0,4,7,1110,550,53,1890,11060,0
250000.0,4,1.5,2500,6300,1.0,0,0,4,7,1500,1000,54,1720,8925,0
365500.0,4,2.5,2030,4499,2.0,0,0,3,8,2030,0,12,2030,4539,0
406100.0,3,2.25,1410,1332,3.0,0,0,3,8,1410,0,10,1430,1448,0
382000.0,2,1.0,870,10492,1.0,0,0,3,7,870,0,78,1300,7987,0
188200.0,3,1.0,1260,7265,1.0,0,0,4,7,1260,0,61,940,7200,0
180000.0,5,1.0,1460,11726,1.5,0,0,3,6,1290,170,79,1460,10450,0
680000.0,4,2.75,2720,54048,2.0,0,0,3,8,2720,0,30,2580,37721,0
795000.0,4,2.5,3230,19193,1.0,0,3,4,8,2000,1230,42,3230,13420,0
445000.0,4,2.5,2170,5257,2.0,0,0,3,7,2170,0,26,1430,7528,0
676500.0,3,1.75,1300,2446,1.0,0,3,3,8,880,420,54,2440,5051,0
269950.0,3,2.5,1890,4838,2.0,0,0,3,8,1730,160,13,1910,7409,0
353500.0,3,2.5,2020,4845,2.0,0,0,3,7,2020,0,14,1930,5134,0
998000.0,5,4.5,4130,10404,2.0,0,0,3,10,4130,0,11,3890,11531,0
833000.0,4,3.5,3560,7178,2.0,0,3,3,10,2590,970,9,3290,6978,0
660000.0,3,2.25,1570,1680,3.0,0,0,3,8,1570,0,1,1290,1870,0
424950.0,3,1.75,2090,7505,1.0,0,0,3,7,2090,0,48,1510,7416,0
340000.0,2,1.0,1090,6771,1.0,0,0,3,6,1090,0,61,1200,4992,0
375000.0,5,2.5,2840,15598,1.0,0,0,4,8,1470,1370,40,2570,14930,0
389950.0,4,2.5,3140,8060,2.0,0,0,3,9,3140,0,24,3000,8060,0
580000.0,3,2.5,2180,40278,2.0,0,0,3,9,2180,0,30,2630,40000,0
562000.0,5,2.25,3040,8111,2.0,0,0,3,8,3040,0,31,2020,8304,0
250000.0,2,1.0,990,10556,2.0,0,0,3,7,990,0,34,1350,7295,0
307635.0,3,2.5,1820,4200,2.0,0,0,3,8,1820,0,1,2370,4200,0
865000.0,4,2.5,2520,4950,2.0,0,0,3,8,2520,0,109,1810,3500,1
274000.0,4,1.75,1940,7500,1.0,0,0,4,7,1720,220,49,2000,9000,0
783000.0,4,2.75,2080,5000,1.0,0,0,5,8,1470,610,75,1970,5000,0
133000.0,5,2.0,1430,5600,1.5,0,0,3,6,1430,0,68,1860,5980,0
278000.0,3,2.0,1230,7789,1.0,0,0,3,7,1230,0,21,1470,8670,0
550000.0,3,2.0,1810,12825,1.0,0,0,4,7,1810,0,55,1490,10800,0
336750.0,4,2.25,1720,7803,1.0,0,0,3,8,1350,370,60,1720,7803,0
327000.0,3,3.0,1370,1001,3.0,0,0,3,8,1370,0,6,1399,1151,0
501000.0,2,1.0,1010,4320,1.0,0,0,5,7,1010,0,91,1680,4320,0
305000.0,3,1.0,1150,9048,1.0,0,0,2,7,1150,0,93,1550,8207,0
340000.0,3,1.0,3180,27586,1.0,0,0,3,8,1400,1780,46,2180,27586,0
338150.0,4,2.25,2700,8580,2.0,0,0,3,8,2700,0,23,2420,8580,0
270000.0,5,2.5,2630,8470,1.5,0,0,4,8,2630,0,47,1780,8575,0
390000.0,3,2.25,1600,10240,1.0,0,0,3,7,1090,510,36,1520,9394,0
540000.0,4,2.5,1780,4169,2.0,0,0,3,8,1780,0,21,1830,4164,0
610000.0,3,2.5,2630,5827,2.0,0,0,3,8,2630,0,14,2330,4715,0
725000.0,3,2.5,2610,7510,2.0,0,0,3,9,2610,0,19,2610,8458,0
775000.0,3,2.0,2540,7200,1.5,0,3,4,8,1600,940,110,2040,5900,0
951250.0,5,3.0,2710,8227,1.0,0,2,3,8,1910,800,62,2060,5400,0
420000.0,3,1.0,1060,7638,1.0,0,0,5,7,1060,0,49,1470,8097,0
452500.0,3,2.5,2430,88426,1.0,0,0,4,7,1570,860,30,1560,56827,0
325000.0,4,1.75,1950,12500,1.0,0,0,3,7,1330,620,52,1760,11520,0
210000.0,3,1.0,1040,8970,1.0,0,0,4,6,1040,0,54,1040,8450,0
449950.0,4,2.5,2070,7312,1.0,0,0,4,7,1230,840,38,1770,7668,0
505000.0,2,2.25,1060,1209,2.0,0,0,3,8,940,120,9,1300,1169,0
502000.0,3,2.75,2010,11200,1.0,0,0,3,8,1360,650,36,2200,10640,0
368000.0,5,1.75,2590,9394,1.0,0,0,4,7,1390,1200,52,2580,9049,0
1630000.0,4,3.25,2980,3600,2.0,0,0,3,9,2150,830,16,2980,4800,0
608000.0,3,2.0,2400,217800,2.0,0,0,3,8,1590,810,40,2340,207781,0
427000.0,2,1.5,1440,725,2.0,0,0,3,8,1100,340,4,1440,4255,0
289000.0,2,1.0,1010,7740,1.0,0,0,3,6,890,120,91,1030,6000,0
200000.0,2,1.0,1400,9600,1.5,0,0,4,6,1400,0,74,1230,9600,0
246950.0,3,3.5,1790,1682,2.0,0,0,3,7,1480,310,9,1150,4000,0
230000.0,2,2.0,1260,10200,1.0,0,0,3,7,1020,240,32,1560,10200,0
660000.0,3,2.0,1770,8141,1.0,0,0,5,8,1770,0,63,1770,8100,0
270000.0,4,2.25,1900,8600,1.0,0,0,4,8,1900,0,40,2120,8000,0
672324.0,2,1.75,1600,5795,1.5,0,0,3,8,1600,0,75,2310,6301,0
900000.0,3,3.25,3870,33980,2.0,0,0,3,10,3150,720,24,3590,10750,0
917500.0,4,2.5,3880,35003,2.0,0,0,3,10,2570,1310,31,3740,35230,0
208000.0,3,1.75,1070,7200,1.0,0,0,3,7,1070,0,21,1480,7200,0
625000.0,4,2.5,2601,34335,2.0,0,0,3,9,2601,0,20,2080,32336,0
640000.0,2,2.25,1540,965,3.0,0,0,3,9,1540,0,8,1410,964,0
555000.0,4,2.5,2450,5079,2.0,0,0,3,9,2450,0,14,2690,6675,0
360000.0,6,2.75,2850,15240,1.0,0,0,3,7,1850,1000,53,2090,7620,0
499950.0,3,2.5,2370,12753,2.0,0,0,3,7,2370,0,14,2280,16808,0
430000.0,4,2.75,1820,5400,1.0,0,0,4,7,1220,600,27,1630,5400,0
935000.0,3,2.0,1720,2000,1.5,0,0,3,8,1060,660,105,1590,4000,0
490000.0,3,2.25,1280,1520,2.0,0,0,3,8,1080,200,7,1280,1681,0
422000.0,3,1.0,1160,7854,1.0,0,0,3,7,1160,0,55,1300,8317,0
352500.0,3,1.75,1170,8182,1.0,0,0,3,7,1170,0,53,1610,8183,0
860000.0,3,1.75,1860,5584,1.0,0,0,3,8,1310,550,64,1630,6022,0
340000.0,4,2.5,2810,6481,2.0,0,0,3,9,2810,0,17,2660,6958,0
359000.0,5,1.75,1940,6654,1.5,0,0,4,7,1940,0,62,2300,9500,0
448500.0,3,1.75,1300,4800,2.0,0,1,4,7,1300,0,103,1300,4800,0
620000.0,3,2.25,1780,1429,3.0,0,0,3,8,1570,210,8,1470,1799,0
280000.0,3,1.75,1550,7410,1.5,0,0,5,7,1550,0,71,1250,7467,0
525000.0,5,1.0,1280,3876,1.5,0,0,3,7,1280,0,92,1420,3825,0
1140000.0,6,3.75,5960,20197,2.0,0,4,3,10,3900,2060,10,3860,12800,0
207000.0,3,2.5,1520,2550,2.0,0,0,3,7,1520,0,10,1460,2550,0
638700.0,3,1.75,2080,9162,1.0,0,0,3,7,1370,710,55,1870,8944,0
355000.0,4,1.5,2230,11536,1.0,0,1,4,7,1220,1010,61,2170,12465,0
258800.0,2,1.75,1290,1624,2.0,0,0,3,8,1290,0,1,1410,1963,0
493000.0,4,2.5,2070,4270,2.0,0,0,3,8,2070,0,5,2070,4610,0
314500.0,3,2.0,2050,13303,1.0,0,0,3,8,2050,0,22,2180,11590,0
280000.0,3,2.5,1608,4818,2.0,0,0,3,8,1608,0,3,2009,5200,0
450000.0,4,2.25,2040,9565,1.0,0,0,3,8,1400,640,56,1890,8580,0
565000.0,5,1.75,1910,9720,1.0,0,0,4,7,1390,520,60,1750,9720,0
480000.0,4,2.5,2600,7787,2.0,0,0,3,8,2600,0,10,2830,7787,0
2180000.0,6,2.75,4710,11000,2.0,0,3,3,10,3690,1020,84,2950,5300,0
1380000.0,5,3.5,5150,12230,2.0,0,2,3,10,3700,1450,8,2940,13462,0
500000.0,4,2.5,1940,7607,2.0,0,0,3,8,1940,0,20,2250,7600,0
437500.0,3,2.5,2320,36847,2.0,0,2,3,9,2320,0,23,2550,35065,0
290000.0,2,1.0,840,3844,1.0,0,0,4,6,840,0,96,1040,3844,0
699000.0,3,2.0,2010,4320,2.0,0,2,3,9,2010,0,16,1640,5225,0
375000.0,5,1.5,2050,9360,1.0,0,0,3,7,1520,530,47,1840,9383,0
291000.0,4,1.0,1590,24330,1.5,0,0,3,6,1140,450,73,1000,16228,0
314000.0,3,1.75,1810,41800,1.0,0,0,5,7,1210,600,35,1650,135036,0
402000.0,2,1.0,620,2475,1.0,0,0,5,6,620,0,104,1290,2475,0
1800000.0,3,3.25,5290,224442,2.0,0,0,4,11,4540,750,27,3750,84936,0
500000.0,4,2.5,1900,5001,1.0,0,0,3,8,1200,700,7,1950,4680,0
375000.0,2,1.0,1810,8527,1.5,0,0,4,7,1810,0,72,1490,6800,0
500000.0,3,2.5,2110,208737,2.0,0,3,3,9,2110,0,38,2390,125017,0
430000.0,3,2.0,1540,6000,1.0,0,0,4,6,1540,0,62,1490,8213,0
242025.0,4,1.75,1400,54014,1.5,0,0,4,7,1400,0,80,1910,8523,0
359950.0,4,2.5,3010,5701,2.0,0,0,3,8,3010,0,12,3010,5772,0
580000.0,3,3.25,1490,857,3.0,0,0,3,8,1220,270,14,1550,1092,0
425000.0,3,1.75,1680,3000,1.0,0,2,4,6,840,840,115,1540,3700,0
650000.0,4,2.5,3420,222156,2.0,0,0,3,9,3420,0,13,3340,222156,0
320000.0,3,1.0,960,6180,1.0,0,0,4,6,960,0,105,1250,4120,0
723000.0,4,2.0,2790,8793,1.0,0,0,4,8,1640,1150,38,2400,9286,0
368000.0,3,1.0,1280,9898,1.0,0,0,3,7,1280,0,47,1290,9625,0
1410000.0,5,2.25,3580,16789,2.0,0,0,5,9,3580,0,49,3390,17000,0
260000.0,3,2.5,1600,2244,2.0,0,0,3,7,1600,0,10,1600,1700,0
353000.0,4,1.5,1100,9600,1.0,0,0,4,6,1100,0,55,1100,9630,0
226500.0,3,1.5,1300,7370,1.0,0,0,4,7,900,400,39,1430,7500,0
295000.0,4,2.25,1830,5720,2.0,0,0,3,7,1830,0,12,1960,5754,0
560000.0,4,1.0,1660,4690,1.5,0,0,3,7,1260,400,70,1400,3876,0
405000.0,3,1.75,1760,5355,1.0,0,0,3,7,1160,600,59,1790,6225,0
471000.0,4,1.75,1760,5750,1.0,0,2,5,7,1070,690,53,1860,5750,0
672500.0,4,2.75,2620,6707,2.0,0,0,3,9,2620,0,15,2590,6530,0
560000.0,4,1.75,1740,8800,1.0,0,0,4,8,1740,0,50,2180,8436,0
495000.0,3,2.25,1280,1517,2.0,0,0,3,8,1080,200,7,1280,1681,0
839900.0,4,3.5,3810,13592,1.0,0,1,3,9,2560,1250,2,3230,9311,0
822600.0,4,2.5,3010,9600,1.0,0,2,3,9,1510,1500,36,2780,10000,0
1140000.0,4,3.25,2500,5801,1.5,0,0,3,8,1960,540,89,3670,7350,0
383000.0,4,1.75,2580,19607,1.0,0,2,4,8,1290,1290,57,1970,9569,0
392500.0,3,1.0,1390,10500,1.5,0,0,3,6,1390,0,75,1350,9800,0
490000.0,3,1.75,1600,16510,1.0,0,0,3,8,1600,0,31,1510,10407,0
613000.0,3,1.5,1470,4480,1.0,0,0,4,7,1130,340,97,2120,4480,0
405000.0,3,2.0,1740,18000,1.0,0,0,3,7,1230,510,26,1740,11250,0
454000.0,4,2.25,2630,39000,2.0,0,0,3,9,2630,0,36,2270,66647,0
735000.0,4,2.5,3270,45537,2.0,0,0,3,9,3270,0,22,2670,38827,0
680000.0,4,3.5,2510,3763,2.0,0,0,3,8,1990,520,2,2560,3820,0
700000.0,4,2.5,3040,7200,2.0,0,0,3,9,3040,0,7,2360,8245,0
490000.0,3,2.25,2330,3600,1.5,0,0,3,8,2330,0,44,2050,4275,0
500000.0,2,2.5,1310,1500,2.0,0,0,3,8,1160,150,9,1320,1581,0
398000.0,3,1.5,1310,2996,2.0,0,0,3,7,1310,0,17,1310,2997,0
1350000.0,3,2.5,2390,5500,1.0,0,3,3,9,1700,690,63,2700,5500,0
1200000.0,4,2.25,2320,13114,2.0,0,0,5,8,2320,0,48,2740,15000,0
1310000.0,6,3.0,2980,7200,1.5,0,2,3,8,2980,0,104,1720,3600,0
650500.0,5,4.25,3920,11412,2.0,0,0,3,7,3920,0,60,1400,9750,1
240000.0,3,1.0,1040,7800,1.0,0,0,3,7,1040,0,67,1780,8400,0
506000.0,2,1.0,1060,3588,1.0,0,0,4,7,960,100,89,1570,3741,0
720000.0,4,2.25,2410,8400,2.0,0,0,5,8,2410,0,50,1910,8056,0
459950.0,3,1.75,1850,6869,1.0,0,2,5,6,1100,750,96,1850,10096,0
450000.0,4,1.75,1850,7730,1.0,0,0,5,7,1100,750,59,2260,8581,0
580000.0,3,2.5,1740,1280,3.0,0,2,3,8,1740,0,7,1740,1308,0
217000.0,3,1.0,1400,7800,1.0,0,0,3,7,1400,0,53,1400,7800,0
255000.0,4,2.25,1680,3179,2.0,0,0,3,8,1680,0,13,1678,3590,0
300000.0,3,2.0,1260,2550,2.0,0,0,3,7,1260,0,28,1590,3825,0
749000.0,4,2.5,1710,9627,1.0,0,0,3,9,1440,270,39,2140,9131,1
610000.0,4,2.5,2410,15899,2.0,0,3,3,9,2410,0,25,2360,11412,0
652600.0,4,2.5,2220,5900,2.0,0,0,3,8,2220,0,1,1620,5900,0
350000.0,3,1.5,1870,9000,1.0,0,0,3,7,1120,750,92,1850,6000,0
355000.0,4,1.75,2160,8000,1.0,0,0,4,9,1660,500,39,2350,8200,0
1690000.0,4,4.0,5000,12941,3.0,0,2,3,12,5000,0,13,4560,12941,0
281000.0,3,1.75,1690,9826,1.0,0,0,4,7,1690,0,27,1980,9826,0
508000.0,4,2.25,3320,53392,2.0,0,0,4,8,2000,1320,29,3230,43129,0
555000.0,5,2.5,2450,5047,2.0,0,0,3,8,2450,0,8,2450,4478,0
395000.0,2,1.75,1210,1161,2.0,0,0,3,8,1210,0,1,1700,2285,0
605004.0,4,2.0,1370,4000,2.0,0,0,3,9,1370,0,64,2010,5720,0
259875.0,5,2.5,2200,6250,2.0,0,0,3,7,2200,0,19,1850,6091,0
206000.0,2,1.5,1820,8867,2.0,0,0,3,7,1820,0,94,1430,9288,0
520000.0,3,2.5,2460,54885,2.0,0,0,4,8,2460,0,35,2770,21407,0
415000.0,3,2.5,2480,8342,2.0,0,0,3,8,2480,0,29,2300,8303,0
385000.0,4,1.75,1660,10757,1.0,0,0,3,7,1000,660,35,1880,8319,0
750000.0,4,2.75,2810,5497,2.0,0,0,3,9,2810,0,4,2990,5842,0
418395.0,4,2.5,2906,5893,2.0,0,0,3,9,2906,0,1,2680,4950,0
730000.0,4,2.5,3230,7331,2.0,0,0,3,10,3230,0,11,3480,7447,0
277000.0,4,2.5,1850,5880,2.0,0,0,3,8,1850,0,17,2370,6500,0
570000.0,2,1.0,1790,3760,1.5,0,0,4,8,1490,300,103,1458,3760,0
540000.0,3,2.5,1950,13227,2.0,0,0,4,9,1950,0,37,2650,12943,0
752000.0,6,3.75,3810,6663,2.0,0,0,4,8,3810,0,38,1610,4561,0
950000.0,4,2.75,3800,12200,2.0,0,3,4,10,3800,0,29,3710,14796,0
265000.0,3,2.25,2540,7216,2.0,0,0,3,8,2540,0,24,2140,7531,0
360000.0,4,2.5,2160,9528,2.0,0,0,3,9,2160,0,23,2280,9937,0
949000.0,4,2.75,2980,42253,1.0,0,0,4,9,1860,1120,42,2980,42253,0
247500.0,4,2.0,1760,8400,1.0,0,0,3,7,1060,700,53,1280,8415,0
526000.0,4,2.0,1610,8000,1.0,0,0,3,7,1190,420,49,1560,7896,0
333700.0,3,2.5,2230,5050,2.0,0,0,3,7,2230,0,9,2260,5050,0
420000.0,5,3.0,2150,6117,1.0,0,0,3,7,1370,780,12,1990,6064,0
478000.0,3,1.0,1280,2580,1.5,0,0,3,8,1280,0,105,1410,3150,1
330000.0,3,1.75,1430,8865,1.0,0,0,3,7,1430,0,65,1250,8154,0
425000.0,5,1.75,1400,5071,1.0,0,0,3,5,1400,0,99,1200,7500,0
1330000.0,4,2.5,2440,3600,2.5,0,0,4,8,2440,0,113,2440,5440,0
274500.0,3,2.25,1720,9000,1.0,0,0,4,8,1320,400,46,1930,8000,0
1580000.0,4,3.25,3760,10920,1.5,0,0,5,9,2400,1360,65,3430,11050,0
219000.0,3,1.5,1740,5200,1.0,0,0,4,7,1060,680,38,1540,5200,0
229950.0,3,2.0,1410,7466,1.0,0,0,3,7,1410,0,32,1410,7610,0
333000.0,3,1.5,1260,5758,2.0,0,0,3,7,1260,0,16,3090,10142,0
570000.0,3,1.75,2390,9000,1.0,0,0,3,8,1500,890,40,2040,9000,0
200500.0,3,2.0,1280,14972,1.0,0,0,3,7,1280,0,52,1800,9698,0
545000.0,4,2.25,2050,9720,2.0,0,0,3,8,2050,0,48,2310,9680,0
415000.0,3,1.75,1910,12596,1.0,0,0,3,7,1340,570,38,1550,13310,0
650000.0,3,2.0,2300,5000,1.0,0,0,4,8,1150,1150,77,2300,5000,0
450000.0,3,1.75,1400,13775,1.0,0,0,3,8,1400,0,52,2200,10450,0
522000.0,4,2.25,1800,8623,1.0,0,0,4,8,1360,440,35,2370,8623,0
369950.0,3,2.0,1270,1320,3.0,0,0,3,8,1270,0,9,1370,1320,0
530000.0,3,3.5,2320,3174,2.0,0,0,3,9,2060,260,18,2320,3187,0
833000.0,4,2.75,3780,10308,2.0,0,0,3,10,3780,0,16,3500,10740,0
740000.0,3,1.5,1830,4000,1.0,0,0,4,7,1350,480,105,1570,3672,0
485000.0,3,2.5,2270,7887,2.0,0,2,3,8,2270,0,11,2550,7133,0
630000.0,3,1.75,1940,7306,1.0,0,0,3,8,1470,470,33,2360,8865,0
230000.0,3,2.5,1920,9180,2.0,0,0,3,8,1920,0,27,1930,7252,0
399950.0,3,2.0,1590,87120,1.0,0,3,3,8,1590,0,17,2780,183161,0
699188.0,4,3.25,3250,5478,2.0,0,0,3,9,3250,0,1,3250,5482,0
336000.0,3,3.0,1790,13350,1.0,0,0,3,7,1190,600,27,1740,10624,0
404000.0,3,1.75,1720,7202,1.0,0,0,3,7,1720,0,20,1720,7625,0
550000.0,3,1.75,1650,3200,1.5,0,0,3,8,1650,0,114,1500,2400,0
535000.0,1,1.0,920,5000,1.0,0,3,4,7,920,0,109,1890,5000,0
515000.0,5,2.0,2220,6000,1.5,0,0,4,7,1390,830,90,1600,6000,0
738000.0,4,2.5,2830,5010,2.0,0,0,3,9,2170,660,15,1880,5739,0
830000.0,3,3.5,3820,145054,2.0,0,3,3,9,2870,950,16,2500,95950,0
205000.0,2,1.5,830,1020,2.0,0,0,3,7,830,0,9,830,1379,0
458000.0,4,3.5,3217,4000,2.0,0,0,3,8,2587,630,7,2996,5418,0
220000.0,4,1.75,2020,7840,1.0,0,0,3,7,1010,1010,47,1750,8140,0
470500.0,4,2.25,2070,14000,1.0,0,0,3,7,1720,350,57,1690,14444,0
494500.0,4,3.0,3760,8804,2.0,0,0,3,8,2470,1290,13,1960,7225,0
364000.0,2,1.5,1650,7311,1.0,0,0,3,7,860,790,37,1660,7255,0
965000.0,4,2.5,3570,17411,2.0,0,0,3,10,3570,0,25,3510,16153,0
333000.0,4,2.5,2400,7270,2.0,0,0,3,8,2400,0,22,2150,6584,0
290000.0,3,1.0,960,4560,1.0,0,0,4,7,960,0,47,970,4800,0
360000.0,2,2.5,1233,1244,2.0,0,0,3,7,963,270,8,1230,1300,0
248000.0,3,1.0,1260,6000,1.0,0,0,4,6,1260,0,61,1520,6600,0
825000.0,2,1.0,1240,42247,1.0,0,1,4,7,1240,0,100,1550,12459,0
383000.0,4,2.5,2160,6223,2.0,0,0,3,8,2160,0,5,2160,5555,0
169000.0,3,1.0,910,7686,1.0,0,0,3,7,910,0,46,1020,7686,0
260000.0,3,1.5,1320,9750,1.0,0,0,3,7,1320,0,61,1530,9750,0
672600.0,3,2.25,1520,5750,2.0,0,0,3,8,1400,120,107,1420,5650,1
218000.0,3,1.0,880,18205,1.0,0,0,4,6,880,0,70,1110,16115,0
630000.0,4,2.5,2510,35020,1.0,0,0,4,8,1610,900,38,2080,34398,0
455000.0,2,1.0,830,4000,1.0,0,0,4,6,830,0,68,1420,4000,0
459950.0,5,2.75,3078,6371,2.0,0,0,3,9,3078,0,1,1979,19030,0
313950.0,3,1.0,1510,6083,1.0,0,0,4,6,860,650,75,1510,5712,0
263000.0,3,1.0,1250,7560,1.0,0,0,3,6,1250,0,56,1270,7615,0
427500.0,4,2.5,3160,8726,2.0,0,0,3,9,3160,0,16,2500,8648,0
555000.0,3,1.0,1250,4590,1.5,0,0,3,6,970,280,112,1830,4080,0
374950.0,3,2.25,1390,1484,3.0,0,0,3,8,1390,0,8,1250,1087,0
660000.0,3,3.25,1980,2850,3.0,0,0,3,7,1980,0,28,1630,4560,0
1340000.0,3,2.75,2730,38869,1.5,1,4,3,9,1940,790,52,2630,28188,1
245000.0,2,1.0,1120,5650,1.0,0,1,3,6,720,400,111,2160,6480,0
464550.0,3,1.5,1690,10500,1.0,0,0,4,7,1690,0,48,1570,10500,0
635000.0,3,3.5,1730,1349,3.0,0,0,3,9,1350,380,6,1830,3300,0
320000.0,3,2.0,1550,34175,1.5,0,0,3,7,1550,0,16,2300,35174,0
890000.0,6,3.75,2770,5000,1.0,0,0,3,8,1870,900,46,1570,2108,0
216650.0,3,3.5,1480,1077,2.0,0,0,3,7,1300,180,8,1140,2003,0
360000.0,4,2.5,2210,17715,2.0,0,0,3,8,2210,0,18,2210,16907,0
166000.0,3,1.0,1010,11675,1.0,0,0,3,7,1010,0,58,1370,10042,0
525000.0,4,1.75,1600,7400,1.0,0,0,3,7,1210,390,42,1640,7500,0
738000.0,5,3.5,2790,16952,2.0,0,2,3,10,1970,820,24,2980,17281,0
750000.0,3,2.5,2400,7745,2.0,0,0,3,9,2400,0,14,2080,8615,0
397900.0,3,2.75,2500,35245,1.0,0,0,3,7,1580,920,15,2060,153766,0
360000.0,4,2.5,2640,7388,2.0,0,0,3,7,2640,0,12,2640,6383,0
199500.0,3,1.75,1690,8901,1.0,0,0,3,7,1690,0,29,1690,7532,0
374950.0,4,1.5,1970,14490,1.5,0,0,4,7,1970,0,52,1880,14880,0
535000.0,2,1.0,1030,4841,1.0,0,0,3,7,920,110,76,1530,4944,0
921500.0,4,2.5,3670,315374,2.0,0,0,4,9,3670,0,21,2840,87991,0
200000.0,2,1.0,700,4700,1.0,0,0,5,5,700,0,62,960,5200,0
1300000.0,4,3.5,3790,90169,2.0,0,0,3,11,3790,0,17,3410,46951,0
608000.0,3,2.5,1760,1472,3.0,0,0,3,8,1640,120,9,1760,5400,0
1240000.0,5,3.25,5790,13726,2.0,0,3,3,10,4430,1360,1,5790,13726,0
630000.0,4,2.5,2330,31705,2.0,0,0,4,8,2330,0,35,2460,36600,0
880000.0,4,2.5,3550,8618,2.0,0,0,3,10,3550,0,8,1310,9746,0
430000.0,3,3.75,3890,7140,1.0,0,2,3,8,2390,1500,72,1820,7320,1
440000.0,4,2.5,2880,8061,2.0,0,0,3,9,2880,0,27,2650,7660,0
491000.0,3,2.0,1250,1306,3.0,0,0,3,7,1250,0,15,1320,1306,0
585000.0,3,3.5,1700,2197,2.0,0,0,3,8,1260,440,5,1360,1418,0
195000.0,3,1.5,1200,7800,1.0,0,0,4,7,1200,0,57,1390,8415,0
448000.0,4,2.5,2230,5000,1.0,0,0,3,7,1650,580,9,2090,4637,0
530000.0,3,2.25,2160,8114,1.0,0,0,3,8,1460,700,55,2160,8000,0
550000.0,3,2.25,1980,40887,1.0,0,0,4,8,1980,0,35,2460,35700,0
390000.0,3,1.0,1160,3750,1.5,0,0,3,7,1160,0,105,1530,3750,0
383000.0,3,1.75,1410,7215,1.0,0,0,3,7,1410,0,48,1550,7600,0
449500.0,4,2.0,2430,199940,1.0,0,0,3,8,1310,1120,54,2220,150282,0
219950.0,2,1.0,1010,4120,2.0,0,0,3,6,1010,0,108,1200,4120,0
450000.0,3,1.0,1360,3737,1.5,0,0,4,6,1360,0,105,1820,4500,0
3420000.0,5,5.0,5450,20412,2.0,0,0,3,11,5450,0,1,3160,17825,0
330000.0,3,1.75,1320,9675,1.5,0,0,4,7,1320,0,45,1160,9675,0
240000.0,3,2.25,1481,2820,2.0,0,0,3,7,1481,0,3,1481,3028,0
245990.0,3,1.0,1040,8410,1.0,0,0,3,7,1040,0,73,1350,8410,1
469950.0,4,2.75,2720,6427,1.0,0,0,3,8,1650,1070,7,2720,8484,0
425000.0,2,1.0,1090,6000,1.0,0,0,3,7,1090,0,93,1960,5000,0
1250000.0,3,2.5,2710,13120,1.0,0,0,3,10,2710,0,56,3130,13566,0
690000.0,4,2.5,2820,8307,2.0,0,0,3,9,2820,0,25,2820,8307,0
252000.0,4,1.75,1120,8250,1.0,0,0,4,7,1120,0,49,1330,7975,0
287000.0,3,1.75,1940,9000,1.0,0,0,3,7,1290,650,50,1900,9120,0
226000.0,3,1.75,1490,6269,1.0,0,0,4,6,990,500,71,1490,7722,0
318888.0,4,1.75,2320,12000,1.0,0,0,4,8,2270,50,42,2120,9880,0
1050000.0,3,2.25,2480,15022,1.0,0,4,3,9,1330,1150,48,2500,8178,1
340000.0,4,2.5,3020,8750,1.0,0,0,3,8,1710,1310,55,1900,8750,0
660000.0,4,3.5,3400,5196,2.0,0,0,3,9,3400,0,3,3170,5260,0
550000.0,2,1.0,950,4080,1.0,0,0,4,7,950,0,91,1120,4080,0
744000.0,4,2.75,2830,13059,2.0,0,0,3,10,2830,0,17,3840,11596,0
998000.0,3,3.75,3710,34412,2.0,0,0,3,10,2910,800,37,2390,34412,0
2900000.0,5,2.5,3750,91681,2.0,1,4,3,10,3750,0,90,3540,24293,0
305000.0,3,1.5,1480,9086,1.0,0,0,3,7,1480,0,53,1540,9750,0
852500.0,5,3.75,3830,8131,2.0,0,0,3,10,3830,0,10,3570,7290,0
690000.0,3,2.0,1760,6428,1.0,0,0,4,7,980,780,73,1760,6004,0
270000.0,4,2.5,1670,8056,1.0,0,0,3,7,1170,500,54,1360,8056,0
245000.0,3,1.75,1260,6908,1.0,0,0,3,7,1260,0,21,1810,7159,0
1200000.0,5,4.0,2710,2800,3.0,0,0,3,10,2380,330,41,1530,3600,1
385000.0,3,2.25,2110,8000,2.0,0,0,3,8,2110,0,40,1740,7270,0
435000.0,4,2.5,1700,6380,1.0,0,0,4,7,850,850,75,1380,6380,0
205000.0,3,2.25,1250,952,3.0,0,0,3,8,1250,0,7,1250,1030,0
528000.0,4,2.75,2050,7171,1.0,0,0,3,8,1540,510,27,1960,7110,0
257000.0,3,1.75,1850,10920,1.5,0,0,3,6,1850,0,100,1510,7871,0
