price,bedrooms,bathrooms,sqft_living,sqft_lot,floors,waterfront,view,condition,grade,sqft_above,sqft_basement,age.at.sale,renovated,sqft_living15,sqft_lot15
264500,3,1.5,1580,14040,1,0,0,3,7,1050,530,35,no,2240,12000
410000,3,1,1230,7020,1,0,0,3,7,1090,140,91,no,1390,5850
625000,2,1.5,1490,5750,1.5,0,0,4,7,1190,300,115,no,1590,4025
1060000,4,5.25,4140,14757,2,0,2,3,11,4140,0,10,no,4440,15523
307000,3,2,1790,7259,1,0,0,3,7,1390,400,35,no,1790,7700
879000,4,3,3590,89640,2,0,0,3,10,3590,0,10,no,2790,54014
422000,2,1.75,1320,2609,1,0,0,4,7,920,400,77,no,1200,4220
440000,3,2.5,1390,4997,2,0,0,3,7,1390,0,11,no,2340,4125
176000,2,1,920,2332,1,0,0,4,8,920,0,35,no,1310,2853
229500,3,1,1780,7470,1,0,0,3,7,1050,730,55,no,1780,8113
350000,2,2.5,1280,940,2,0,0,3,8,1060,220,9,no,1290,2900
2.00E+05,2,1,1730,9610,1,0,0,3,7,1380,350,53,no,1310,9812
615000,4,1.5,1980,3240,1.5,0,0,4,8,1780,200,85,no,2250,4000
525000,4,2.5,2520,7731,2,0,0,3,9,2520,0,21,no,2000,7704
625000,4,2.25,2470,17008,2,0,0,4,8,2470,0,36,no,2470,31798
991500,4,3,3820,26895,2,0,2,3,11,3820,0,20,no,3820,24751
425000,3,2.5,1340,10018,1,0,0,4,7,1340,0,39,no,2520,13068
775000,4,2.5,2070,8473,1,0,0,4,8,1250,820,39,no,2070,9499
671500,3,2.5,1770,1714,3,0,0,3,8,1770,0,3,no,1720,3360
480000,5,2.5,2160,7737,2,0,0,3,7,2160,0,17,no,2460,7737
619400,4,2,2090,3610,1.5,0,0,5,7,1790,300,88,no,1660,3767
635000,4,3.25,3420,6752,2,0,2,3,9,3030,390,3,no,3010,5172
255000,2,1,1220,2500,1,0,0,3,6,770,450,105,no,1540,3000
705000,3,2.5,2820,7200,1,0,3,3,9,1780,1040,36,no,2300,7200
330000,4,2,1180,7275,1,0,0,3,7,1180,0,50,no,1210,7275
520000,2,1,1250,3708,1.5,0,0,3,7,1250,0,89,no,1430,3708
605500,3,2.5,2830,6536,2,0,0,3,9,2830,0,26,no,2710,6954
707500,3,1,1500,2555,2,0,2,3,7,1500,0,105,no,1820,2555
230000,3,1.75,1140,1165,2,0,0,3,8,1140,0,1,no,1150,1552
205000,3,1,1010,8800,1,0,0,4,7,1010,0,47,no,1550,7700
515000,3,2.5,1820,5280,1,0,0,4,7,910,910,66,no,1600,4820
357000,3,2,2460,53882,1,1,4,3,7,2460,0,60,no,2660,32625
244500,3,1.75,1210,8864,1,0,0,3,7,1210,0,30,no,1510,8062
278000,3,2.25,2120,9804,2,0,0,3,7,2120,0,21,no,2120,7200
650000,6,2.75,3610,10003,1.5,0,0,4,8,3610,0,49,no,2560,10004
441500,3,2.5,2360,4670,2,0,0,3,7,2360,0,17,no,2420,5620
280000,3,2.75,1740,5639,1,0,3,3,7,1740,0,5,no,2380,5331
607000,3,1,1230,8114,1,0,0,4,7,1230,0,64,no,2220,8114
380000,3,2.25,1600,39848,1,0,3,4,8,1600,0,57,no,1600,39848
6.00E+05,5,2.25,2760,6350,1,0,0,3,7,1380,1380,57,no,2060,6342
394999,3,1.5,1730,7800,1,0,0,3,7,1330,400,57,no,1780,8309
1580000,4,3.5,5830,131116,2,0,0,3,11,5830,0,10,no,5340,207206
267000,3,1.75,1440,10920,1,0,0,4,8,1440,0,38,no,1720,8260
625000,3,1,1240,4080,1,0,0,3,7,1240,0,90,no,2060,4080
650000,4,2.75,3260,5335,2,0,0,3,9,3260,0,12,no,3180,5438
415000,1,2,3000,204732,2.5,0,2,3,8,3000,0,36,no,2330,213008
856000,3,1.5,1480,2700,1.5,0,0,3,7,1480,0,87,no,1970,4200
799000,4,2.5,3400,6742,2,0,0,3,9,3400,0,11,no,2970,6909
507250,3,2.5,2270,5536,2,0,0,3,8,2270,0,12,no,2270,5731
675000,3,2.5,2250,4134,2,0,0,3,9,2250,0,11,no,2390,4134
485000,3,1.5,1870,7853,1,0,0,3,7,1300,570,53,no,1870,8300
265000,2,1,820,8423,1,0,2,3,6,820,0,58,no,1960,9140
425000,3,2.25,1790,10209,1,0,0,3,7,1290,500,48,no,1840,9900
430000,2,2.5,2420,60984,2,0,0,3,7,2420,0,8,no,1940,193842
635500,3,2,1660,3600,1,0,0,3,7,1000,660,76,yes,1700,4356
780000,3,2.25,2130,11782,1,0,0,4,8,1590,540,38,no,2700,11782
525000,5,3.25,2480,10277,2,0,0,5,8,1640,840,22,no,2270,10277
760000,4,3.25,2690,3995,2,0,0,3,9,2060,630,1,no,1810,4590
370000,3,1.5,1360,1167,3,0,0,3,8,1360,0,7,no,1360,1167
540000,4,2.75,2830,7334,2,0,0,3,8,2830,0,10,no,2830,7378
450000,3,2,2290,16258,1,0,0,5,8,2290,0,55,no,1660,10530
862500,4,2.5,3220,4400,2,0,2,3,9,2180,1040,78,no,3000,5000
320000,4,2.25,2000,10374,2,0,1,4,7,2000,0,48,no,2170,10374
282000,4,1.75,1660,10725,1,0,0,3,7,960,700,59,no,1340,9023
725000,3,1.75,1920,3300,1,0,0,4,8,960,960,102,no,1740,4000
320000,2,1,950,5316,1,0,2,3,7,950,0,67,no,1620,6085
760000,3,2.5,2280,12746,1,0,0,4,8,1490,790,42,no,2100,12746
725000,6,3,2480,12000,2,0,0,3,8,2480,0,43,no,2220,8580
895000,4,3,3570,10273,1.5,0,3,3,9,2630,940,80,yes,3640,15324
5.00E+05,3,1,1440,54315,1,0,0,3,7,790,650,41,no,2690,40518
650000,3,2,1340,2720,1.5,0,0,3,7,1340,0,102,no,2030,4590
1090000,3,3,2830,6041,2,0,3,3,8,1840,990,100,no,3420,6360
675000,4,2.25,2260,8715,1,0,0,4,8,1530,730,39,no,2220,8650
422500,3,1,1270,8920,1,0,0,5,7,1270,0,46,no,1590,8589
387000,3,1.5,1340,6500,1,0,0,3,7,1340,0,43,no,1620,7107
1950000,4,3.25,7420,167869,2,0,3,3,12,7420,0,13,no,5610,169549
2200000,4,3,3540,11098,2,0,0,3,10,3000,540,75,no,3430,8214
598000,4,2.5,3130,40918,2,0,0,3,9,3130,0,21,no,2760,35440
269900,4,1.75,1530,8750,1.5,0,0,4,7,1530,0,47,no,1390,8750
411000,4,2.75,2150,9915,1,0,0,5,8,1240,910,39,no,1980,9325
187000,2,1,860,5400,1,0,0,4,5,860,0,62,no,960,5400
294000,2,2.5,1380,889,2,0,0,3,7,1140,240,3,no,1580,1397
615000,4,1,1340,2006,1.5,0,0,3,7,1340,0,84,no,2040,3625
375000,6,2,1900,8057,1,0,0,4,7,1170,730,56,no,2090,8626
815000,5,3.5,3500,10794,2,0,0,3,10,3500,0,19,no,3110,10837
235000,2,1,670,5600,1,0,0,3,6,670,0,112,no,1960,7176
204000,2,2.5,1090,13444,2,0,0,3,7,1090,0,8,no,1380,6000
1690000,3,3.25,5290,224442,2,0,0,4,11,4540,750,27,no,3750,84936
481500,3,1.75,2140,6000,1,0,0,3,7,1070,1070,67,no,1240,4650
495000,2,2,1540,7110,1,0,0,3,7,960,580,66,no,1860,7065
219900,3,1,910,6000,1,0,0,2,6,910,0,59,no,1090,6957
445000,3,1.75,1890,32340,1.5,0,3,3,8,1890,0,39,no,1890,40180
357500,3,1,1450,8100,1,0,0,3,6,1450,0,63,no,1450,7800
620000,4,1.75,2350,18800,1,0,2,3,8,2350,0,56,no,3050,14640
1280000,5,4.25,5040,9466,2,0,0,3,11,5040,0,11,no,4300,9417
379950,3,1,1270,6900,1,0,0,3,7,1270,0,38,no,1480,7280
659950,4,2.75,3550,9400,2,0,0,3,9,3550,0,1,no,3550,9421
580000,3,2.5,1740,1236,3,0,2,3,8,1740,0,7,no,1740,1280
245000,2,1.5,690,1058,2,0,0,3,7,690,0,10,no,690,1058
395000,3,2.5,2310,4930,2,0,0,4,8,2310,0,26,no,2230,5324
3600000,3,3.25,5020,12431,2,1,4,3,10,3420,1600,74,yes,3680,12620
235000,2,1,1210,9400,1,0,0,2,6,1210,0,66,no,1580,6026
499950,5,3.5,3200,43560,2,0,0,3,7,3200,0,26,no,2730,43560
450000,3,2,1680,4886,2,0,0,3,7,1180,500,75,no,1400,4900
710000,3,3.5,2440,3427,2,0,0,3,7,1990,450,15,no,2440,2601
1700000,4,3.5,4330,15335,2,0,0,4,11,3230,1100,27,no,3840,14311
775000,4,2.25,4220,24186,1,0,0,3,8,2600,1620,31,no,2410,30617
750000,4,2.75,2640,3750,2,0,0,5,7,1840,800,104,no,1690,5000
295500,3,1.75,1590,41550,1.5,0,0,3,6,1290,300,82,no,2990,6464
399000,3,2.5,1800,3300,2,0,0,3,7,1690,110,11,no,1570,3902
567500,3,2.5,2280,2502,2,0,0,3,8,1880,400,9,no,2280,2812
510000,4,1.5,1320,14250,1,0,0,4,7,1320,0,61,no,1720,14250
513000,4,2.75,2020,7070,1,0,0,5,7,1010,1010,57,no,1390,6000
329950,2,1,900,5220,1,0,0,4,6,900,0,59,no,1480,6660
768000,5,2.75,3030,13640,2,0,0,4,8,3030,0,35,no,2500,13225
320000,3,1.75,2220,11646,1,0,0,3,7,1270,950,65,no,1490,10003
245700,3,2.25,1640,8400,1,0,0,3,8,1180,460,47,no,1600,8120
244615,3,2.5,2060,4030,2,0,0,3,7,2060,0,16,no,2060,4029
363000,4,2.5,2180,9281,2,0,0,3,8,2180,0,11,no,2520,9520
402500,2,1,800,2280,1,0,0,5,6,800,0,69,no,1310,4200
792000,3,2.5,3320,12840,1,0,0,3,10,2600,720,25,no,3230,14933
589000,4,2.25,2390,57599,2,0,0,3,8,2390,0,34,no,2390,38186
599999,9,4.5,3830,6988,2.5,0,0,3,7,2450,1380,77,no,1460,6291
805000,5,4.5,4600,7810,2,0,0,3,9,3200,1400,9,no,4480,6324
345000,3,2.75,2190,7258,2,0,0,3,8,2190,0,15,no,2190,8645
374000,3,1,1200,9800,1,0,0,4,7,1200,0,44,no,1220,10220
550000,5,2.75,3000,9473,1,0,0,3,8,1500,1500,49,no,2050,8820
1320000,4,3.5,3460,3997,2,0,0,3,10,2560,900,11,no,1860,4000
575000,4,2.75,1960,4635,1,0,0,4,7,1000,960,47,no,1830,6180
296000,3,2.5,1560,5845,2,0,0,3,7,1560,0,12,no,1860,5752
591500,4,2.5,1690,4080,1.5,0,0,4,7,1140,550,103,no,1600,4590
585000,3,1,1450,5378,1,0,0,3,7,1190,260,76,no,1810,5559
565000,4,2.25,2470,7447,2,0,0,3,8,2470,0,31,no,2270,7400
212700,2,1,940,5040,1,0,0,3,7,940,0,89,no,940,5040
472000,3,2.5,1180,1262,3,0,0,3,8,1180,0,5,no,1180,2632
402300,3,1.75,1480,4050,1,0,0,3,7,870,610,89,no,1350,4500
1020000,3,2.5,2920,34527,1,0,4,4,9,1800,1120,61,no,2480,7933
541900,3,2.5,1880,3054,2,0,0,3,8,1880,0,27,no,1840,3815
303000,4,2.5,2100,6783,2,0,0,3,8,2100,0,12,no,2100,6192
915000,6,3.75,2930,14980,2,0,3,3,9,2930,0,2,no,3210,10787
712500,3,1.5,1660,8797,1,0,0,4,7,1660,0,59,no,2350,10053
790000,4,3.5,2720,3000,2,0,0,3,9,2250,470,1,no,1600,4600
539900,3,2.5,2500,4203,2,0,0,3,8,2500,0,14,no,2460,4798
469950,5,2.5,2310,8303,1,0,0,3,7,1300,1010,40,no,1930,8303
679950,5,2.75,3600,9437,2,0,0,3,9,3600,0,1,no,3550,9421
710000,2,1.5,1640,4080,1.5,0,0,5,7,1540,100,99,no,1880,4080
1.00E+06,3,1,1880,5450,1.5,0,0,4,8,1880,0,91,no,2580,5450
409000,3,2.5,2740,9168,2,0,0,3,9,2740,0,24,no,2690,10554
174900,3,1,1100,6000,1.5,0,0,2,6,1100,0,89,no,960,5880
685000,4,1,1550,15239,1.5,1,4,3,6,1370,180,85,no,1790,22047
275000,3,3,1390,1080,2,0,0,3,7,1140,250,9,no,1450,1081
197400,3,2,1610,7575,1,0,0,4,7,1110,500,50,no,1920,8400
270000,3,2.5,1770,8640,1,0,0,3,7,1420,350,29,no,1894,7974
417000,4,2,2090,4000,1,0,0,3,6,1060,1030,108,no,1590,4000
489950,4,2.25,2640,31941,1,0,0,4,9,2640,0,29,no,2780,35365
607500,3,3.25,1530,1612,3,0,0,3,8,1530,0,9,no,1530,1611
750500,4,2.5,2860,9159,1,0,0,4,8,1530,1330,26,no,2070,8680
399000,3,2.5,1430,1250,3,0,0,3,7,1430,0,8,no,1360,1269
312500,2,1,870,7227,1,0,0,3,7,870,0,67,no,1250,7252
695000,3,2.5,4560,17622,2,0,0,4,9,3800,760,29,no,2360,15000
267000,3,1.5,1090,8160,1,0,0,3,7,1090,0,48,yes,1260,7560
439990,3,2.5,1930,1348,2,0,0,3,8,1300,630,10,no,1630,6000
235000,2,1,930,10505,1,0,0,3,6,930,0,85,no,1520,8881
435000,3,1,950,10080,1,0,0,4,7,950,0,61,no,1060,10000
4.00E+05,3,1,1630,10304,1,0,0,5,7,1630,0,62,no,1480,8515
408000,3,1.75,1600,313672,1,0,0,4,7,1600,0,55,no,1780,90860
285000,3,1.75,1720,13104,1,0,0,4,7,1720,0,53,no,1840,13104
3.00E+05,3,1.75,1700,8481,2,0,0,3,7,1700,0,22,no,1830,6600
385195,1,1,710,6000,1.5,0,0,3,6,710,0,0,no,1440,4800
527000,4,2.25,2330,19436,2,0,0,3,8,2330,0,28,no,1910,10055
219950,2,1,990,6448,1,0,0,3,7,990,0,67,no,1130,7200
835000,3,1,3060,30166,1,0,0,5,8,3060,0,56,no,1880,19602
405000,3,2.5,2160,10200,1,0,0,3,7,1360,800,37,no,2010,7850
304500,4,2.5,2030,5202,2,0,0,3,8,2030,0,14,no,2260,5232
292000,3,2.25,1780,9720,1,0,0,3,8,1280,500,34,no,1710,9790
234000,2,1,870,11100,1,0,0,3,6,870,0,75,no,1370,10404
550000,4,3,2760,13113,1,0,0,4,8,1760,1000,41,no,1900,13113
789800,3,2.5,2605,2216,2,0,2,3,9,2090,515,36,no,2605,2300
290000,1,1,550,5700,1,0,0,2,6,550,0,99,no,1100,4560
260000,4,2.75,2250,7345,1,0,0,4,8,1320,930,31,no,1800,6950
365000,3,1.75,1830,17349,1,0,0,3,8,1230,600,38,no,1840,11694
398000,3,2.5,1720,1715,2,0,0,3,7,1240,480,11,no,1610,1626
713000,5,2.75,2580,9242,2,0,2,4,8,1720,860,48,no,2240,9316
1120000,5,2.75,4400,18500,1,0,3,5,9,2250,2150,52,no,3290,19257
190000,2,1.5,1400,9031,1,0,0,3,7,960,440,33,no,1450,7658
542300,3,2.25,1580,1487,3,0,0,3,9,1580,0,2,no,1600,1525
352500,3,1.5,1360,7680,1,0,0,3,7,1360,0,60,no,1630,7679
395000,3,3.5,1450,1263,2,0,0,3,8,1160,290,8,no,1390,1282
650000,10,2,3610,11914,2,0,0,4,7,3010,600,57,no,2040,11914
3.00E+05,3,2.5,1320,2614,2,0,0,3,7,1320,0,10,no,1320,2533
276000,3,2.5,2495,4400,2,0,0,3,8,2495,0,8,no,2434,4400
309500,3,1.5,1340,13560,1,0,0,3,7,1340,0,47,no,1540,15000
160000,3,1.75,1370,8006,2,0,0,3,7,1370,0,25,no,1530,8006
290000,2,2,1590,9375,1,0,0,3,7,910,680,32,no,1560,8524
283200,4,1.75,1830,12540,1,0,0,4,8,1130,700,57,no,2020,12540
7.00E+05,3,1.75,1350,4000,1.5,0,0,4,7,1350,0,90,no,1880,4000
367899,3,2.5,2420,4725,2,0,0,3,8,2420,0,1,no,2370,4200
269900,5,1.75,1750,8325,1,0,0,5,7,1750,0,49,no,1430,8325
416000,3,2.5,1710,1296,3,0,0,3,8,1510,200,11,no,1610,1282
1210000,4,3.75,3250,10949,2,0,0,4,9,2940,310,85,no,2340,15234
322000,3,1,1230,9660,1,0,0,3,7,1230,0,47,no,1380,10125
455000,3,1.75,1700,8360,1,0,0,4,7,850,850,60,no,1520,8360
1760000,3,2,2360,4800,2,0,0,3,9,2360,0,106,yes,2260,4800
375000,3,1.75,1590,14766,1,0,0,3,8,1590,0,52,no,2040,10190
350000,5,3,2320,8400,1,0,0,3,7,1510,810,52,no,1200,4800
670000,3,1.5,1220,4080,1.5,0,0,5,7,1220,0,101,no,1320,4080
410000,3,2.5,1740,4948,2,0,0,3,7,1740,0,7,no,1290,3383
485000,4,2.25,1900,7200,1,0,0,3,8,1370,530,38,no,2030,8008
530000,5,2.25,2140,7910,1,0,0,3,7,1070,1070,53,no,1680,8700
767450,3,2,1630,7599,1,0,0,3,10,1630,0,9,no,2030,7599
540000,3,2.25,1670,3135,2,0,0,3,8,1220,450,13,no,1630,1596
787500,4,1.75,1580,9382,1,0,0,3,7,1080,500,52,no,2010,9382
688000,3,1.5,1760,4880,1.5,0,3,3,8,1290,470,87,no,1840,4998
208800,3,2.5,1390,2450,2,0,0,3,7,1390,0,6,no,1390,2450
239000,3,1,940,8571,1,0,0,3,6,940,0,65,no,1100,8573
905000,4,2.75,2730,4268,2,0,1,3,9,2730,0,6,no,2340,5000
283450,5,2.75,2770,6116,1,0,0,3,7,1490,1280,36,no,1920,6486
590000,4,2.75,2910,10650,1,0,2,3,8,1780,1130,40,no,2920,10988
518000,4,2.5,2790,9910,2,0,0,3,8,2790,0,12,no,2590,9910
725000,5,2.75,2830,5310,2,0,0,3,9,2830,0,9,no,3150,6581
275000,3,1,1320,11090,1,0,0,3,7,1320,0,60,no,1320,8319
505000,4,2.5,3170,5340,2,0,0,3,7,3170,0,15,no,3010,5340
389999,3,2.25,1445,1471,2,0,0,3,7,1300,145,12,no,1410,1399
320000,3,1.75,1510,30185,1.5,0,0,3,7,1510,0,39,no,1470,12465
490000,5,3.5,4460,2975,3,0,2,3,10,3280,1180,0,no,2490,4231
810000,3,2,2870,6360,1.5,0,1,4,8,1790,1080,69,no,2310,6466
280000,1,0.75,420,6720,1,0,0,3,5,420,0,93,no,1420,6720
235000,4,2,1570,9415,2,0,0,4,7,1570,0,31,no,1550,8978
631000,3,2.25,1670,1396,2,0,0,3,9,1250,420,0,no,1610,5191
550000,3,2.5,1840,3035,1,0,0,3,7,920,920,89,no,1780,4000
641000,5,2.75,3710,8674,2,0,0,3,9,3710,0,19,no,3250,8678
575000,3,1.75,1530,6743,1,0,0,3,7,1410,120,60,no,2040,6000
419600,3,1.75,1680,8460,1,0,0,3,7,1180,500,39,no,1890,9529
235000,5,1,1500,9282,1.5,0,0,5,6,1500,0,49,no,1520,9639
480000,3,1,1160,8800,1,0,0,4,7,1160,0,56,no,1750,8400
937500,4,2.5,3130,21100,1,0,4,3,9,2530,600,59,no,3680,23000
835000,2,3.25,3570,392475,1,0,0,3,9,2370,1200,17,no,3190,217800
250000,3,1.5,2840,10182,1,0,0,3,8,1510,1330,64,no,2210,9669
479000,3,2.5,1260,889,3,0,0,3,8,1260,0,7,no,1340,1324
315000,2,1,970,5665,1,0,0,4,6,970,0,107,no,1490,4429
842500,5,4,2980,4500,1.5,0,0,3,7,2070,910,94,no,1560,4225
545000,4,2.25,2030,11585,1,0,0,4,7,1590,440,48,no,1960,8977
430000,2,2.25,1040,1516,2,0,0,3,8,1040,0,7,no,1560,1920
920000,4,2.5,3550,10233,2,0,0,3,9,3550,0,19,no,3310,9157
496752,2,1,1980,5000,1,0,0,4,7,1090,890,92,no,1720,5000
550000,3,2.5,2080,7749,2,0,0,3,8,2080,0,27,no,2210,7471
530000,3,1,1340,4284,1,0,0,3,7,1080,260,105,no,1960,4080
620000,5,2.5,3070,34991,2,0,0,3,9,3070,0,20,no,2150,19515
7.00E+05,4,3.5,4490,5099,2,0,0,3,9,3390,1100,9,no,4290,5537
850000,5,2.75,3430,15119,2,0,0,3,10,3430,0,17,no,3430,12045
6.00E+05,4,2.75,3110,11225,2,0,0,3,8,3110,0,3,no,2610,8535
539000,2,1.75,1900,5175,1,0,0,3,7,1200,700,96,no,1370,5175
219950,3,1.5,1070,6601,1,0,0,3,6,1070,0,30,no,1030,6614
646000,3,2.75,2460,6413,2,0,0,3,9,2460,0,11,no,2440,6092
462500,6,3,2390,4000,2,0,0,3,7,2390,0,1,no,1680,5000
335000,4,2,2030,103672,1,0,0,4,7,2030,0,46,no,1560,325393
446000,4,2.5,1530,8375,1,0,0,3,7,1020,510,41,no,1650,9794
342000,4,1,1390,9023,1.5,0,0,3,7,1390,0,60,no,1760,9023
570000,3,2.5,2420,11953,1,0,0,3,9,2420,0,25,no,2420,12215
352500,3,1.5,1470,17577,1,0,0,5,7,1470,0,48,no,2300,13832
849900,2,2,2280,641203,2,0,0,3,9,2280,0,25,no,2030,224334
510000,4,4,3530,10935,2,0,0,3,10,3530,0,23,no,3360,11250
408474,3,2.5,1800,2731,2,0,0,3,8,1800,0,1,no,1800,3265
535000,3,2.5,1690,9626,2,0,0,3,8,1690,0,31,no,1860,8958
247500,2,1,700,6046,1,0,0,3,6,700,0,65,no,990,6790
1030000,5,4,3760,28040,2,0,0,3,10,3760,0,32,no,3430,35096
630000,4,2.5,2540,8706,2,0,0,3,9,2540,0,18,no,2540,6239
479900,3,2,1980,12150,1,0,0,3,9,1980,0,21,no,2200,12150
405000,4,2.75,2360,7716,1,0,0,3,7,1390,970,37,no,2160,8794
136500,3,1.5,1420,8580,1,0,0,3,6,1420,0,53,no,1200,8580
1700000,4,4.5,3860,15246,2,0,4,3,11,2940,920,11,no,3750,14790
507950,4,2.5,2630,6283,2,0,0,3,9,2630,0,9,no,2630,7210
935000,4,3.5,3510,11200,2,0,0,3,11,3510,0,14,no,3600,12124
515000,2,1,1640,5200,1,0,0,4,7,1040,600,78,no,1780,5040
339950,4,2.25,2670,9040,1,0,0,3,8,2170,500,60,no,1880,2648
490000,4,2.5,3020,8302,2,0,0,4,10,3020,0,21,no,3020,8406
450000,3,1.75,1830,5488,1,0,2,4,7,1010,820,76,no,1200,5488
897500,4,3,4370,217882,2,0,0,3,10,4370,0,31,no,2430,35096
212000,3,1.5,1060,9225,1,0,0,4,7,1060,0,60,no,1270,9375
315000,4,2.75,2200,8580,1,0,0,3,8,1860,340,24,no,2290,7816
475000,5,2.5,2010,3600,1.5,0,0,3,6,1510,500,103,no,1780,3600
550000,3,2.5,2430,5400,2,0,0,3,8,2430,0,8,no,2640,11990
828000,4,2.5,3520,9901,2,0,0,3,10,3520,0,17,no,3490,9667
546500,3,2.5,1410,2675,1,0,0,3,7,820,590,30,no,1410,4013
197000,4,1,1360,11175,1,0,0,3,7,1360,0,54,no,1340,9702
475000,3,2.25,1380,1621,2,0,0,3,8,1140,240,8,no,1460,1403
445000,4,2,2630,9099,1.5,0,0,3,7,1830,800,71,yes,1430,6825
216500,3,1,1020,11652,1,0,0,4,6,1020,0,44,no,1690,11652
952500,4,1.5,2550,5055,2,0,0,4,10,2550,0,105,no,1970,4431
648360,4,1.75,2260,7005,1,0,1,4,7,1130,1130,68,no,2330,9180
1650000,4,3.25,4200,210394,2,0,0,4,10,4200,0,22,no,2370,184694
623000,4,2.75,2300,12633,2,0,0,3,9,2300,0,31,no,2240,9246
440250,3,1.5,1850,8124,1,0,0,4,7,1850,0,67,no,1530,8123
860000,4,2.5,3560,11119,1,0,2,3,10,2290,1270,29,no,3290,11385
615000,5,2.25,2480,12070,2,0,0,3,9,2480,0,37,no,2570,12000
490000,4,2.25,2800,10800,1,0,0,3,8,1680,1120,38,no,2260,9800
575000,4,1.75,2020,6200,1,0,0,4,6,1010,1010,67,no,1440,4158
515000,3,2.5,2130,219978,2,0,0,3,8,2130,0,29,no,3340,217800
580000,7,2.75,2310,2400,1.5,0,0,3,6,2310,0,100,no,1340,3825
317000,3,1.5,1060,5750,1,0,0,2,7,1060,0,34,no,1060,5750
389000,2,2,1200,7131,1,0,0,3,8,1200,0,9,no,1670,4601
603500,4,2.5,4060,9734,1,0,4,3,9,2150,1910,38,no,2750,10370
234950,2,2.5,1720,3132,2,0,0,3,8,1720,0,16,no,1740,4220
825000,3,2.25,2980,86636,1,0,0,3,9,2230,750,26,no,2980,107157
220000,2,1,890,4804,1,0,0,4,7,890,0,87,no,1010,3844
126000,1,1,610,4400,1,0,0,3,5,610,0,93,no,1090,4930
479000,2,2.5,1741,1439,2,0,0,3,8,1446,295,8,no,2090,10454
499950,3,2.5,1520,2208,2,0,0,3,8,1040,480,8,no,1610,1618
492650,4,1.75,2120,9786,1,0,0,3,8,1640,480,48,no,2310,8787
340000,2,1.75,1270,1916,2,0,0,3,8,1270,0,3,no,1140,1916
1030000,4,3.5,4370,10860,2,0,0,3,11,4370,0,7,no,3560,8070
467000,5,2.25,2500,13500,1,0,0,3,7,1850,650,36,no,2300,9750
543000,3,2.25,1240,949,3,0,0,3,8,1240,0,7,no,1310,1140
456000,3,2,1870,8442,1.5,0,0,5,7,1060,810,88,no,1640,6174
337000,4,2.5,2230,5970,2,0,0,4,7,2230,0,13,no,1970,4919
845000,4,2.5,2390,5071,2,0,0,3,9,1760,630,27,no,1940,5071
236000,3,1.75,1330,6301,1,0,0,3,7,1330,0,17,no,1330,6144
1280000,4,3,3260,4500,2,0,0,3,9,2300,960,85,yes,2410,4995
445000,5,3,2420,11250,2,0,0,3,8,2420,0,2,no,1510,9950
345000,3,2.5,1360,1489,2,0,0,3,8,1360,0,8,no,1360,1688
1190000,4,3,2240,6000,1.5,0,0,4,8,1270,970,101,no,2240,4250
175000,3,1,1150,8924,1,0,0,3,6,1150,0,72,no,1492,8924
219950,3,1,1200,7727,1,0,0,4,7,1200,0,56,no,1300,7718
1900000,4,3.25,5080,27755,2,0,0,3,11,5080,0,14,no,4730,22326
490000,2,1,990,5000,1,0,0,3,7,990,0,74,no,2250,6032
271115,2,1.5,830,1325,2,0,0,3,7,830,0,10,no,1310,1485
520000,2,2.25,1530,981,3,0,0,3,8,1480,50,9,no,1530,1282
490000,3,1.75,1540,9000,1,0,0,3,8,1540,0,44,no,1710,7488
1400000,3,2.75,3130,19530,1,1,4,3,8,1690,1440,68,no,2980,18782
185000,3,1,840,12091,1,0,0,3,6,840,0,56,no,840,9324
390000,3,2,1463,868,3,0,0,3,7,1463,0,12,no,1484,4320
850000,2,2,2640,13939,1,0,1,5,8,1640,1000,52,no,2880,14810
565000,4,2.5,2500,12090,1,0,0,3,9,2500,0,32,no,3380,12760
780000,4,3.25,3900,40962,2,0,0,3,10,3900,0,24,no,1730,11775
492000,3,2.25,2100,7335,2,0,0,3,8,2100,0,32,no,2050,8930
399950,2,1,710,1157,2,0,0,4,7,710,0,72,no,1370,1173
180000,3,1,1010,8863,1,0,0,4,6,1010,0,25,no,1090,8410
290000,3,1.75,1590,13500,1,0,0,4,7,1090,500,35,no,1540,10375
780000,4,2.75,3430,6500,2,0,0,3,9,3050,380,9,no,3070,6802
215000,3,1,810,5240,1,0,0,3,6,810,0,73,no,1700,5245
1290000,5,3.5,3210,4060,2,0,2,3,10,2290,920,98,yes,1940,5000
450000,2,1,1020,5000,1.5,0,0,4,6,1020,0,109,no,1490,5000
489000,4,2.5,3910,8442,2,0,0,3,9,2710,1200,15,no,2650,7576
169575,3,1,1300,8284,1,0,0,3,7,1300,0,47,no,1360,7848
462000,3,2.75,1890,2614,2,0,0,4,9,1890,0,36,no,1800,2769
329000,4,2,1190,7877,1.5,0,0,5,7,1190,0,69,no,1480,9975
417200,2,1,1000,4000,1,0,0,3,6,1000,0,105,no,1490,5000
2880000,4,2.5,5760,32033,2,0,4,4,12,4390,1370,21,no,3420,28475
711800,4,2.25,2410,16650,1,0,0,4,8,2410,0,50,no,2720,11141
350000,3,1.75,2010,6150,2,0,0,5,7,2010,0,76,no,1770,7380
257500,1,1,710,6060,1,0,0,4,6,710,0,99,no,1440,4545
245000,3,2,1440,7008,1,0,0,3,7,1440,0,30,no,1680,7200
230500,2,1,740,8853,1,0,0,3,6,740,0,72,no,850,8775
606500,3,2.5,2170,5500,2,0,0,3,8,2170,0,15,no,2170,5862
241000,3,1,1150,10000,1,0,0,3,6,1000,150,64,no,1340,10000
729032,4,2.5,2840,12866,1,0,0,4,9,1780,1060,38,no,2840,13209
308000,3,1.75,1680,8629,1,0,0,3,8,1200,480,38,no,1990,8400
380000,4,1.75,1740,9150,1,0,0,3,7,1740,0,41,no,1540,9147
445000,2,1,1440,3225,1,0,0,3,7,960,480,100,no,1160,3630
1400000,4,3.5,4380,66613,1.5,0,0,3,11,4380,0,22,no,4010,70109
450000,3,2.75,1250,892,2,0,0,3,8,1040,210,5,no,1250,1296
390000,3,2,1930,12443,1,0,0,3,7,1930,0,46,no,1400,12183
1460000,4,4,4620,130208,2,0,0,3,10,4620,0,1,no,4620,131007
970000,2,1,1290,5376,1,0,0,3,6,1290,0,70,no,1180,5376
220000,3,1,1060,9126,1,0,2,5,7,1060,0,59,no,1300,9126
540000,6,3,2870,206474,2,0,0,3,7,2330,540,55,no,2380,59677
378500,2,1,730,7528,1,0,0,3,7,730,0,69,no,1620,7528
1100000,4,3.5,2760,5040,2,0,2,3,9,2760,0,60,yes,2370,5760
579000,3,2.5,3160,286181,2,0,3,3,9,3160,0,13,no,2110,94663
104950,2,1,1170,8254,1,0,0,2,6,1170,0,66,no,1820,8922
350000,3,1,1050,5518,1,0,0,3,7,1050,0,67,no,1490,4269
325000,3,1.75,1840,17286,1,0,0,4,7,1440,400,37,no,1840,14541
725000,3,2.5,2090,9847,2,0,2,3,9,2090,0,32,no,2860,11483
296500,3,2.75,2170,7900,1,0,0,4,8,1380,790,37,no,2170,7700
905000,4,3.5,2970,14486,2,0,0,3,9,2340,630,18,no,3680,14486
375000,3,2.5,1440,1102,3,0,0,3,8,1440,0,6,no,1440,1434
590000,3,2.5,2650,9380,1,0,0,5,8,1680,970,40,no,2310,9600
581000,4,2,2510,13695,1,0,0,4,7,1280,1230,54,yes,1220,12500
490000,4,2.25,2110,16200,1,0,0,3,8,1630,480,37,no,2370,16000
824000,7,4.25,3670,4000,2,0,1,3,8,2800,870,51,no,2010,4000
3.00E+05,4,2.5,1910,8058,2,0,0,3,8,1910,0,23,no,1910,6500
613500,3,2.5,2350,7035,2,0,0,3,8,2350,0,26,no,2270,7192
534000,5,2,2280,3600,2,0,0,3,7,2280,0,23,no,1740,1800
248000,2,1,770,8600,1,0,0,4,4,770,0,101,no,1420,6960
365000,3,2.25,2430,7614,1.5,0,0,3,8,1900,530,36,no,1720,11250
817500,4,2.5,2910,35679,2,0,0,4,9,2910,0,28,no,2720,36728
1130000,5,3.25,3080,13394,1,0,2,4,9,2230,850,47,no,2810,10720
208000,2,1,1160,5750,1,0,0,4,6,1160,0,91,no,1160,8250
369950,3,1,2430,10720,1,0,0,3,7,2430,0,38,no,1660,11560
330000,3,2.5,1450,5008,1,0,0,3,7,840,610,8,no,2120,5019
550000,2,1,980,3080,1.5,0,0,3,7,980,0,105,no,1450,3333
920000,3,1,1410,9656,1,0,0,3,7,960,450,62,no,2410,9384
906000,4,2.5,2480,5000,1,0,3,3,8,1480,1000,64,no,2240,6071
732000,3,2.5,1960,3060,2,0,0,3,8,1960,0,5,no,1220,3060
289950,4,2.25,2190,6906,1,0,0,4,7,1040,1150,38,no,1250,6440
564450,3,2.5,2710,6174,2,0,0,3,9,2710,0,17,no,2730,7266
465000,3,2.25,1450,1540,2,0,0,3,8,1180,270,10,no,1450,1540
308000,2,1,1080,6250,1,0,2,4,7,1080,0,73,no,2100,6875
252000,4,1.5,1550,19800,1,0,0,4,7,1050,500,46,no,1640,22654
465000,3,2,1560,8509,1,0,0,3,8,790,770,46,no,1410,7428
729000,3,1,1580,3840,2,0,0,3,8,1580,0,107,no,1680,2624
440000,3,2,1860,217800,2,0,2,3,8,1860,0,17,no,2500,217800
370900,3,1.5,1200,8560,1,0,0,4,7,1200,0,40,no,1550,7800
285000,3,1.75,1840,8601,1,0,0,3,7,920,920,110,yes,1390,7452
835000,4,3.25,3270,6027,2,0,0,3,10,3270,0,14,no,3270,6546
530000,3,2.75,2440,45738,2,0,0,3,8,1840,600,28,no,2440,189100
299800,4,2.5,2410,4708,2,0,0,3,8,2410,0,13,no,2517,5290
541500,2,2.5,1900,3690,2,0,0,3,8,1900,0,9,no,1900,5153
295000,4,3,2120,7650,2,0,0,3,8,2120,0,51,no,2260,7885
328000,4,1.75,1990,7194,1,0,0,4,8,1400,590,37,no,1820,7400
870515,4,3.5,3600,5697,2,0,0,3,9,2940,660,1,no,3490,5911
695000,5,1.75,1790,9335,2,0,0,5,8,1790,0,63,no,1840,9612
520000,3,2,1670,8800,1,0,0,4,7,1150,520,54,no,2020,8250
650000,3,2.75,1540,1251,2,0,0,3,8,1230,310,13,no,1540,1287
294000,3,1.75,1420,1361,2,0,0,3,7,960,460,1,no,1340,1343
340000,3,2.5,1212,1174,3,0,0,3,7,1212,0,11,no,1256,1226
985000,4,2.25,4230,37769,2,0,0,3,11,4230,0,26,no,3890,37034
628000,4,2,2260,6000,1,0,0,3,8,1430,830,57,no,2030,5874
451000,4,1.5,1620,5444,1.5,0,0,3,8,1620,0,60,no,1620,6912
305500,4,2.5,1850,7199,2,0,0,4,7,1850,0,26,no,1940,7432
484950,3,2.25,1590,926,3,0,0,3,8,1590,0,1,no,1640,1321
540000,3,2.5,1720,11656,2,0,0,3,8,1720,0,28,no,1890,10336
290000,3,2.25,1880,7488,2,0,0,3,8,1880,0,35,no,2180,7344
364000,4,1.75,2010,8625,1,0,0,4,7,1340,670,58,no,1500,8400
565000,4,2.75,3260,4900,2,0,0,3,9,3260,0,2,no,3260,6132
763000,4,1.75,1850,4388,2,0,0,5,8,1850,0,74,no,1410,4107
470000,4,2.5,2680,8062,1,0,3,4,7,1530,1150,48,no,1920,8600
575000,2,1.75,1840,4076,1,0,0,3,8,1140,700,58,no,1540,4076
628000,5,2.75,2830,11795,1,0,0,4,7,1710,1120,55,no,2460,10880
447000,3,2.5,1650,3076,2,0,0,3,7,1650,0,12,no,1560,3064
350000,4,3,3380,16133,1,0,1,3,8,2330,1050,56,no,2500,11100
650000,4,2.5,2500,6005,2,0,0,3,9,2500,0,14,no,2680,7200
280000,4,2.25,1930,7207,1,0,0,4,7,1360,570,27,no,1760,7207
540000,3,2.5,1810,3930,2,0,0,3,8,1810,0,7,no,1560,5100
902500,3,3.5,3240,23522,2,0,0,3,10,2130,1110,23,no,3180,23273
360500,3,2.5,3300,11525,1,0,0,5,8,1650,1650,54,no,1950,9680
420000,4,1.75,2480,60548,1,0,0,4,7,1600,880,47,no,2390,90169
1030000,5,2.75,3190,16920,1,0,3,3,9,1690,1500,39,no,3100,13100
365000,4,2.5,1570,9600,1,0,0,3,7,800,770,43,no,1340,9110
1130000,4,2.5,2660,11200,2,0,0,3,9,2660,0,16,no,3290,11275
430000,3,2,1910,5040,1.5,0,0,3,8,1910,0,44,no,1980,4275
319900,4,2.75,2475,4276,2,0,0,3,7,2475,0,1,no,2475,4000
1450000,5,3.5,4170,9090,2,0,0,3,10,4170,0,7,no,1930,13635
260600,2,1,810,4560,1,0,0,3,7,810,0,87,no,1490,4560
5.00E+05,3,2.25,2210,7680,1,0,2,3,8,1730,480,43,no,2390,7680
345000,2,1,770,3008,1,0,0,4,5,770,0,98,no,1550,4563
580000,3,2.25,2190,8188,2,0,0,3,8,1810,380,37,no,2190,8374
110000,2,1,790,8250,1,0,0,3,6,790,0,68,no,900,8250
550000,3,1,1130,7500,1,0,0,3,7,880,250,68,no,2190,5250
485000,4,1.75,1430,4096,2,0,0,3,7,1430,0,115,no,1640,3377
210000,2,1.75,1000,3554,1,0,0,4,8,1000,0,40,no,1150,4000
969500,3,3.25,2080,3025,2,0,2,4,8,1220,860,31,no,2680,6518
580000,3,2.25,1900,3960,1.5,0,0,3,8,1200,700,110,no,1310,3960
556000,3,2.5,2750,35440,2,0,0,3,9,2750,0,21,no,2710,35440
5.00E+05,3,2,3040,41072,1,0,0,4,8,1520,1520,37,no,2230,54014
405000,2,0.75,1160,15029,1,0,0,4,6,870,290,78,no,1870,25346
279000,3,2.5,2010,11618,2,0,0,3,7,2010,0,25,no,1550,9354
395000,4,2,2240,7085,1.5,0,0,3,7,2240,0,71,no,1440,7085
555000,3,1.5,1740,4200,1.5,0,0,4,7,1640,100,95,no,1660,3750
780000,3,2.75,1970,2600,2.5,0,0,3,8,1970,0,91,no,1680,3120
399700,4,1.75,1320,4800,1,0,0,4,7,870,450,85,no,940,4800
728050,3,2.5,2320,6775,1,0,0,3,8,2320,0,7,no,1680,4750
337500,2,1,1300,6731,1,0,0,3,7,1300,0,65,no,1240,6731
370000,4,3,2490,5706,2,0,0,3,9,2490,0,10,no,2650,5880
615000,3,1.75,2620,8280,1,0,0,4,7,1330,1290,67,no,1530,8160
6.00E+05,3,1.75,2340,57499,1,0,0,3,8,2340,0,27,no,3260,137649
290000,3,2.5,1190,8175,1,0,0,3,7,1190,0,29,no,2230,9520
590000,3,2,3030,9374,1,0,1,4,7,2100,930,56,no,1990,6012
359000,4,2.5,1820,11325,1,0,0,3,8,1390,430,39,no,1990,10802
230000,2,1,720,5913,1,0,0,3,6,720,0,95,no,1560,6600
650000,3,2.5,2690,11575,1,0,3,3,8,2130,560,58,no,2390,11782
670000,3,1,1600,16868,1,0,1,3,7,990,610,69,no,2600,12735
520000,4,2.5,3290,11446,2,0,0,3,8,3290,0,23,no,2050,11933
246000,3,1.75,1390,7399,1,0,0,4,7,1390,0,40,no,1460,7800
144000,3,1,980,6800,1,0,0,3,6,980,0,69,no,1140,9975
1110000,5,3.5,7350,12231,2,0,4,3,11,4750,2600,14,no,5380,12587
310000,2,1,750,5379,1,0,0,3,6,750,0,96,no,1030,5511
808900,5,2.5,2900,5901,2,0,0,3,9,2900,0,9,no,3200,5775
306000,3,2.5,1870,5874,2,0,0,3,7,1870,0,10,no,2090,4060
350500,2,2.5,1770,4950,1,0,0,3,7,1770,0,12,no,1770,4500
675000,4,4,3680,18804,2,0,0,3,10,3680,0,25,no,3200,15954
267000,3,2.25,1584,2800,2,0,0,3,7,1584,0,3,no,1584,2800
325000,3,2.5,2550,4240,2,0,0,3,7,2550,0,9,no,2550,4240
234999,3,1,1330,8912,1,0,0,3,6,1330,0,67,no,1200,8913
439900,2,2,1410,12282,1.5,0,0,5,8,1410,0,106,no,1410,8931
730000,4,2.5,2750,10351,2,0,0,3,10,2750,0,17,no,3370,10351
1900000,5,4.5,5160,44315,2,0,0,3,12,5160,0,19,no,4760,44315
465000,5,1.5,1750,12491,1,0,0,3,6,1390,360,54,no,1560,12473
675000,3,2.25,2610,9002,2,0,0,3,9,2610,0,27,no,2320,8306
442500,4,2.5,2170,14024,2,0,0,3,8,2170,0,23,no,2240,14029
247500,3,1,1660,11060,1,0,0,4,7,1110,550,53,no,1890,11060
250000,4,1.5,2500,6300,1,0,0,4,7,1500,1000,54,no,1720,8925
365500,4,2.5,2030,4499,2,0,0,3,8,2030,0,12,no,2030,4539
406100,3,2.25,1410,1332,3,0,0,3,8,1410,0,10,no,1430,1448
382000,2,1,870,10492,1,0,0,3,7,870,0,78,no,1300,7987
188200,3,1,1260,7265,1,0,0,4,7,1260,0,61,no,940,7200
180000,5,1,1460,11726,1.5,0,0,3,6,1290,170,79,no,1460,10450
680000,4,2.75,2720,54048,2,0,0,3,8,2720,0,30,no,2580,37721
795000,4,2.5,3230,19193,1,0,3,4,8,2000,1230,42,no,3230,13420
445000,4,2.5,2170,5257,2,0,0,3,7,2170,0,26,no,1430,7528
676500,3,1.75,1300,2446,1,0,3,3,8,880,420,54,no,2440,5051
269950,3,2.5,1890,4838,2,0,0,3,8,1730,160,13,no,1910,7409
353500,3,2.5,2020,4845,2,0,0,3,7,2020,0,14,no,1930,5134
998000,5,4.5,4130,10404,2,0,0,3,10,4130,0,11,no,3890,11531
833000,4,3.5,3560,7178,2,0,3,3,10,2590,970,9,no,3290,6978
660000,3,2.25,1570,1680,3,0,0,3,8,1570,0,1,no,1290,1870
424950,3,1.75,2090,7505,1,0,0,3,7,2090,0,48,no,1510,7416
340000,2,1,1090,6771,1,0,0,3,6,1090,0,61,no,1200,4992
375000,5,2.5,2840,15598,1,0,0,4,8,1470,1370,40,no,2570,14930
389950,4,2.5,3140,8060,2,0,0,3,9,3140,0,24,no,3000,8060
580000,3,2.5,2180,40278,2,0,0,3,9,2180,0,30,no,2630,40000
562000,5,2.25,3040,8111,2,0,0,3,8,3040,0,31,no,2020,8304
250000,2,1,990,10556,2,0,0,3,7,990,0,34,no,1350,7295
307635,3,2.5,1820,4200,2,0,0,3,8,1820,0,1,no,2370,4200
865000,4,2.5,2520,4950,2,0,0,3,8,2520,0,109,yes,1810,3500
274000,4,1.75,1940,7500,1,0,0,4,7,1720,220,49,no,2000,9000
783000,4,2.75,2080,5000,1,0,0,5,8,1470,610,75,no,1970,5000
133000,5,2,1430,5600,1.5,0,0,3,6,1430,0,68,no,1860,5980
278000,3,2,1230,7789,1,0,0,3,7,1230,0,21,no,1470,8670
550000,3,2,1810,12825,1,0,0,4,7,1810,0,55,no,1490,10800
336750,4,2.25,1720,7803,1,0,0,3,8,1350,370,60,no,1720,7803
327000,3,3,1370,1001,3,0,0,3,8,1370,0,6,no,1399,1151
501000,2,1,1010,4320,1,0,0,5,7,1010,0,91,no,1680,4320
305000,3,1,1150,9048,1,0,0,2,7,1150,0,93,no,1550,8207
340000,3,1,3180,27586,1,0,0,3,8,1400,1780,46,no,2180,27586
338150,4,2.25,2700,8580,2,0,0,3,8,2700,0,23,no,2420,8580
270000,5,2.5,2630,8470,1.5,0,0,4,8,2630,0,47,no,1780,8575
390000,3,2.25,1600,10240,1,0,0,3,7,1090,510,36,no,1520,9394
540000,4,2.5,1780,4169,2,0,0,3,8,1780,0,21,no,1830,4164
610000,3,2.5,2630,5827,2,0,0,3,8,2630,0,14,no,2330,4715
725000,3,2.5,2610,7510,2,0,0,3,9,2610,0,19,no,2610,8458
775000,3,2,2540,7200,1.5,0,3,4,8,1600,940,110,no,2040,5900
951250,5,3,2710,8227,1,0,2,3,8,1910,800,62,no,2060,5400
420000,3,1,1060,7638,1,0,0,5,7,1060,0,49,no,1470,8097
452500,3,2.5,2430,88426,1,0,0,4,7,1570,860,30,no,1560,56827
325000,4,1.75,1950,12500,1,0,0,3,7,1330,620,52,no,1760,11520
210000,3,1,1040,8970,1,0,0,4,6,1040,0,54,no,1040,8450
449950,4,2.5,2070,7312,1,0,0,4,7,1230,840,38,no,1770,7668
505000,2,2.25,1060,1209,2,0,0,3,8,940,120,9,no,1300,1169
502000,3,2.75,2010,11200,1,0,0,3,8,1360,650,36,no,2200,10640
368000,5,1.75,2590,9394,1,0,0,4,7,1390,1200,52,no,2580,9049
1630000,4,3.25,2980,3600,2,0,0,3,9,2150,830,16,no,2980,4800
608000,3,2,2400,217800,2,0,0,3,8,1590,810,40,no,2340,207781
427000,2,1.5,1440,725,2,0,0,3,8,1100,340,4,no,1440,4255
289000,2,1,1010,7740,1,0,0,3,6,890,120,91,no,1030,6000
2.00E+05,2,1,1400,9600,1.5,0,0,4,6,1400,0,74,no,1230,9600
246950,3,3.5,1790,1682,2,0,0,3,7,1480,310,9,no,1150,4000
230000,2,2,1260,10200,1,0,0,3,7,1020,240,32,no,1560,10200
660000,3,2,1770,8141,1,0,0,5,8,1770,0,63,no,1770,8100
270000,4,2.25,1900,8600,1,0,0,4,8,1900,0,40,no,2120,8000
672324,2,1.75,1600,5795,1.5,0,0,3,8,1600,0,75,no,2310,6301
9.00E+05,3,3.25,3870,33980,2,0,0,3,10,3150,720,24,no,3590,10750
917500,4,2.5,3880,35003,2,0,0,3,10,2570,1310,31,no,3740,35230
208000,3,1.75,1070,7200,1,0,0,3,7,1070,0,21,no,1480,7200
625000,4,2.5,2601,34335,2,0,0,3,9,2601,0,20,no,2080,32336
640000,2,2.25,1540,965,3,0,0,3,9,1540,0,8,no,1410,964
555000,4,2.5,2450,5079,2,0,0,3,9,2450,0,14,no,2690,6675
360000,6,2.75,2850,15240,1,0,0,3,7,1850,1000,53,no,2090,7620
499950,3,2.5,2370,12753,2,0,0,3,7,2370,0,14,no,2280,16808
430000,4,2.75,1820,5400,1,0,0,4,7,1220,600,27,no,1630,5400
935000,3,2,1720,2000,1.5,0,0,3,8,1060,660,105,no,1590,4000
490000,3,2.25,1280,1520,2,0,0,3,8,1080,200,7,no,1280,1681
422000,3,1,1160,7854,1,0,0,3,7,1160,0,55,no,1300,8317
352500,3,1.75,1170,8182,1,0,0,3,7,1170,0,53,no,1610,8183
860000,3,1.75,1860,5584,1,0,0,3,8,1310,550,64,no,1630,6022
340000,4,2.5,2810,6481,2,0,0,3,9,2810,0,17,no,2660,6958
359000,5,1.75,1940,6654,1.5,0,0,4,7,1940,0,62,no,2300,9500
448500,3,1.75,1300,4800,2,0,1,4,7,1300,0,103,no,1300,4800
620000,3,2.25,1780,1429,3,0,0,3,8,1570,210,8,no,1470,1799
280000,3,1.75,1550,7410,1.5,0,0,5,7,1550,0,71,no,1250,7467
525000,5,1,1280,3876,1.5,0,0,3,7,1280,0,92,no,1420,3825
1140000,6,3.75,5960,20197,2,0,4,3,10,3900,2060,10,no,3860,12800
207000,3,2.5,1520,2550,2,0,0,3,7,1520,0,10,no,1460,2550
638700,3,1.75,2080,9162,1,0,0,3,7,1370,710,55,no,1870,8944
355000,4,1.5,2230,11536,1,0,1,4,7,1220,1010,61,no,2170,12465
258800,2,1.75,1290,1624,2,0,0,3,8,1290,0,1,no,1410,1963
493000,4,2.5,2070,4270,2,0,0,3,8,2070,0,5,no,2070,4610
314500,3,2,2050,13303,1,0,0,3,8,2050,0,22,no,2180,11590
280000,3,2.5,1608,4818,2,0,0,3,8,1608,0,3,no,2009,5200
450000,4,2.25,2040,9565,1,0,0,3,8,1400,640,56,no,1890,8580
565000,5,1.75,1910,9720,1,0,0,4,7,1390,520,60,no,1750,9720
480000,4,2.5,2600,7787,2,0,0,3,8,2600,0,10,no,2830,7787
2180000,6,2.75,4710,11000,2,0,3,3,10,3690,1020,84,no,2950,5300
1380000,5,3.5,5150,12230,2,0,2,3,10,3700,1450,8,no,2940,13462
5.00E+05,4,2.5,1940,7607,2,0,0,3,8,1940,0,20,no,2250,7600
437500,3,2.5,2320,36847,2,0,2,3,9,2320,0,23,no,2550,35065
290000,2,1,840,3844,1,0,0,4,6,840,0,96,no,1040,3844
699000,3,2,2010,4320,2,0,2,3,9,2010,0,16,no,1640,5225
375000,5,1.5,2050,9360,1,0,0,3,7,1520,530,47,no,1840,9383
291000,4,1,1590,24330,1.5,0,0,3,6,1140,450,73,no,1000,16228
314000,3,1.75,1810,41800,1,0,0,5,7,1210,600,35,no,1650,135036
402000,2,1,620,2475,1,0,0,5,6,620,0,104,no,1290,2475
1800000,3,3.25,5290,224442,2,0,0,4,11,4540,750,27,no,3750,84936
5.00E+05,4,2.5,1900,5001,1,0,0,3,8,1200,700,7,no,1950,4680
375000,2,1,1810,8527,1.5,0,0,4,7,1810,0,72,no,1490,6800
5.00E+05,3,2.5,2110,208737,2,0,3,3,9,2110,0,38,no,2390,125017
430000,3,2,1540,6000,1,0,0,4,6,1540,0,62,no,1490,8213
242025,4,1.75,1400,54014,1.5,0,0,4,7,1400,0,80,no,1910,8523
359950,4,2.5,3010,5701,2,0,0,3,8,3010,0,12,no,3010,5772
580000,3,3.25,1490,857,3,0,0,3,8,1220,270,14,no,1550,1092
425000,3,1.75,1680,3000,1,0,2,4,6,840,840,115,no,1540,3700
650000,4,2.5,3420,222156,2,0,0,3,9,3420,0,13,no,3340,222156
320000,3,1,960,6180,1,0,0,4,6,960,0,105,no,1250,4120
723000,4,2,2790,8793,1,0,0,4,8,1640,1150,38,no,2400,9286
368000,3,1,1280,9898,1,0,0,3,7,1280,0,47,no,1290,9625
1410000,5,2.25,3580,16789,2,0,0,5,9,3580,0,49,no,3390,17000
260000,3,2.5,1600,2244,2,0,0,3,7,1600,0,10,no,1600,1700
353000,4,1.5,1100,9600,1,0,0,4,6,1100,0,55,no,1100,9630
226500,3,1.5,1300,7370,1,0,0,4,7,900,400,39,no,1430,7500
295000,4,2.25,1830,5720,2,0,0,3,7,1830,0,12,no,1960,5754
560000,4,1,1660,4690,1.5,0,0,3,7,1260,400,70,no,1400,3876
405000,3,1.75,1760,5355,1,0,0,3,7,1160,600,59,no,1790,6225
471000,4,1.75,1760,5750,1,0,2,5,7,1070,690,53,no,1860,5750
672500,4,2.75,2620,6707,2,0,0,3,9,2620,0,15,no,2590,6530
560000,4,1.75,1740,8800,1,0,0,4,8,1740,0,50,no,2180,8436
495000,3,2.25,1280,1517,2,0,0,3,8,1080,200,7,no,1280,1681
839900,4,3.5,3810,13592,1,0,1,3,9,2560,1250,2,no,3230,9311
822600,4,2.5,3010,9600,1,0,2,3,9,1510,1500,36,no,2780,10000
1140000,4,3.25,2500,5801,1.5,0,0,3,8,1960,540,89,no,3670,7350
383000,4,1.75,2580,19607,1,0,2,4,8,1290,1290,57,no,1970,9569
392500,3,1,1390,10500,1.5,0,0,3,6,1390,0,75,no,1350,9800
490000,3,1.75,1600,16510,1,0,0,3,8,1600,0,31,no,1510,10407
613000,3,1.5,1470,4480,1,0,0,4,7,1130,340,97,no,2120,4480
405000,3,2,1740,18000,1,0,0,3,7,1230,510,26,no,1740,11250
454000,4,2.25,2630,39000,2,0,0,3,9,2630,0,36,no,2270,66647
735000,4,2.5,3270,45537,2,0,0,3,9,3270,0,22,no,2670,38827
680000,4,3.5,2510,3763,2,0,0,3,8,1990,520,2,no,2560,3820
7.00E+05,4,2.5,3040,7200,2,0,0,3,9,3040,0,7,no,2360,8245
490000,3,2.25,2330,3600,1.5,0,0,3,8,2330,0,44,no,2050,4275
5.00E+05,2,2.5,1310,1500,2,0,0,3,8,1160,150,9,no,1320,1581
398000,3,1.5,1310,2996,2,0,0,3,7,1310,0,17,no,1310,2997
1350000,3,2.5,2390,5500,1,0,3,3,9,1700,690,63,no,2700,5500
1200000,4,2.25,2320,13114,2,0,0,5,8,2320,0,48,no,2740,15000
1310000,6,3,2980,7200,1.5,0,2,3,8,2980,0,104,no,1720,3600
650500,5,4.25,3920,11412,2,0,0,3,7,3920,0,60,yes,1400,9750
240000,3,1,1040,7800,1,0,0,3,7,1040,0,67,no,1780,8400
506000,2,1,1060,3588,1,0,0,4,7,960,100,89,no,1570,3741
720000,4,2.25,2410,8400,2,0,0,5,8,2410,0,50,no,1910,8056
459950,3,1.75,1850,6869,1,0,2,5,6,1100,750,96,no,1850,10096
450000,4,1.75,1850,7730,1,0,0,5,7,1100,750,59,no,2260,8581
580000,3,2.5,1740,1280,3,0,2,3,8,1740,0,7,no,1740,1308
217000,3,1,1400,7800,1,0,0,3,7,1400,0,53,no,1400,7800
255000,4,2.25,1680,3179,2,0,0,3,8,1680,0,13,no,1678,3590
3.00E+05,3,2,1260,2550,2,0,0,3,7,1260,0,28,no,1590,3825
749000,4,2.5,1710,9627,1,0,0,3,9,1440,270,39,yes,2140,9131
610000,4,2.5,2410,15899,2,0,3,3,9,2410,0,25,no,2360,11412
652600,4,2.5,2220,5900,2,0,0,3,8,2220,0,1,no,1620,5900
350000,3,1.5,1870,9000,1,0,0,3,7,1120,750,92,no,1850,6000
355000,4,1.75,2160,8000,1,0,0,4,9,1660,500,39,no,2350,8200
1690000,4,4,5000,12941,3,0,2,3,12,5000,0,13,no,4560,12941
281000,3,1.75,1690,9826,1,0,0,4,7,1690,0,27,no,1980,9826
508000,4,2.25,3320,53392,2,0,0,4,8,2000,1320,29,no,3230,43129
555000,5,2.5,2450,5047,2,0,0,3,8,2450,0,8,no,2450,4478
395000,2,1.75,1210,1161,2,0,0,3,8,1210,0,1,no,1700,2285
605004,4,2,1370,4000,2,0,0,3,9,1370,0,64,no,2010,5720
259875,5,2.5,2200,6250,2,0,0,3,7,2200,0,19,no,1850,6091
206000,2,1.5,1820,8867,2,0,0,3,7,1820,0,94,no,1430,9288
520000,3,2.5,2460,54885,2,0,0,4,8,2460,0,35,no,2770,21407
415000,3,2.5,2480,8342,2,0,0,3,8,2480,0,29,no,2300,8303
385000,4,1.75,1660,10757,1,0,0,3,7,1000,660,35,no,1880,8319
750000,4,2.75,2810,5497,2,0,0,3,9,2810,0,4,no,2990,5842
418395,4,2.5,2906,5893,2,0,0,3,9,2906,0,1,no,2680,4950
730000,4,2.5,3230,7331,2,0,0,3,10,3230,0,11,no,3480,7447
277000,4,2.5,1850,5880,2,0,0,3,8,1850,0,17,no,2370,6500
570000,2,1,1790,3760,1.5,0,0,4,8,1490,300,103,no,1458,3760
540000,3,2.5,1950,13227,2,0,0,4,9,1950,0,37,no,2650,12943
752000,6,3.75,3810,6663,2,0,0,4,8,3810,0,38,no,1610,4561
950000,4,2.75,3800,12200,2,0,3,4,10,3800,0,29,no,3710,14796
265000,3,2.25,2540,7216,2,0,0,3,8,2540,0,24,no,2140,7531
360000,4,2.5,2160,9528,2,0,0,3,9,2160,0,23,no,2280,9937
949000,4,2.75,2980,42253,1,0,0,4,9,1860,1120,42,no,2980,42253
247500,4,2,1760,8400,1,0,0,3,7,1060,700,53,no,1280,8415
526000,4,2,1610,8000,1,0,0,3,7,1190,420,49,no,1560,7896
333700,3,2.5,2230,5050,2,0,0,3,7,2230,0,9,no,2260,5050
420000,5,3,2150,6117,1,0,0,3,7,1370,780,12,no,1990,6064
478000,3,1,1280,2580,1.5,0,0,3,8,1280,0,105,yes,1410,3150
330000,3,1.75,1430,8865,1,0,0,3,7,1430,0,65,no,1250,8154
425000,5,1.75,1400,5071,1,0,0,3,5,1400,0,99,no,1200,7500
1330000,4,2.5,2440,3600,2.5,0,0,4,8,2440,0,113,no,2440,5440
274500,3,2.25,1720,9000,1,0,0,4,8,1320,400,46,no,1930,8000
1580000,4,3.25,3760,10920,1.5,0,0,5,9,2400,1360,65,no,3430,11050
219000,3,1.5,1740,5200,1,0,0,4,7,1060,680,38,no,1540,5200
229950,3,2,1410,7466,1,0,0,3,7,1410,0,32,no,1410,7610
333000,3,1.5,1260,5758,2,0,0,3,7,1260,0,16,no,3090,10142
570000,3,1.75,2390,9000,1,0,0,3,8,1500,890,40,no,2040,9000
200500,3,2,1280,14972,1,0,0,3,7,1280,0,52,no,1800,9698
545000,4,2.25,2050,9720,2,0,0,3,8,2050,0,48,no,2310,9680
415000,3,1.75,1910,12596,1,0,0,3,7,1340,570,38,no,1550,13310
650000,3,2,2300,5000,1,0,0,4,8,1150,1150,77,no,2300,5000
450000,3,1.75,1400,13775,1,0,0,3,8,1400,0,52,no,2200,10450
522000,4,2.25,1800,8623,1,0,0,4,8,1360,440,35,no,2370,8623
369950,3,2,1270,1320,3,0,0,3,8,1270,0,9,no,1370,1320
530000,3,3.5,2320,3174,2,0,0,3,9,2060,260,18,no,2320,3187
833000,4,2.75,3780,10308,2,0,0,3,10,3780,0,16,no,3500,10740
740000,3,1.5,1830,4000,1,0,0,4,7,1350,480,105,no,1570,3672
485000,3,2.5,2270,7887,2,0,2,3,8,2270,0,11,no,2550,7133
630000,3,1.75,1940,7306,1,0,0,3,8,1470,470,33,no,2360,8865
230000,3,2.5,1920,9180,2,0,0,3,8,1920,0,27,no,1930,7252
399950,3,2,1590,87120,1,0,3,3,8,1590,0,17,no,2780,183161
699188,4,3.25,3250,5478,2,0,0,3,9,3250,0,1,no,3250,5482
336000,3,3,1790,13350,1,0,0,3,7,1190,600,27,no,1740,10624
404000,3,1.75,1720,7202,1,0,0,3,7,1720,0,20,no,1720,7625
550000,3,1.75,1650,3200,1.5,0,0,3,8,1650,0,114,no,1500,2400
535000,1,1,920,5000,1,0,3,4,7,920,0,109,no,1890,5000
515000,5,2,2220,6000,1.5,0,0,4,7,1390,830,90,no,1600,6000
738000,4,2.5,2830,5010,2,0,0,3,9,2170,660,15,no,1880,5739
830000,3,3.5,3820,145054,2,0,3,3,9,2870,950,16,no,2500,95950
205000,2,1.5,830,1020,2,0,0,3,7,830,0,9,no,830,1379
458000,4,3.5,3217,4000,2,0,0,3,8,2587,630,7,no,2996,5418
220000,4,1.75,2020,7840,1,0,0,3,7,1010,1010,47,no,1750,8140
470500,4,2.25,2070,14000,1,0,0,3,7,1720,350,57,no,1690,14444
494500,4,3,3760,8804,2,0,0,3,8,2470,1290,13,no,1960,7225
364000,2,1.5,1650,7311,1,0,0,3,7,860,790,37,no,1660,7255
965000,4,2.5,3570,17411,2,0,0,3,10,3570,0,25,no,3510,16153
333000,4,2.5,2400,7270,2,0,0,3,8,2400,0,22,no,2150,6584
290000,3,1,960,4560,1,0,0,4,7,960,0,47,no,970,4800
360000,2,2.5,1233,1244,2,0,0,3,7,963,270,8,no,1230,1300
248000,3,1,1260,6000,1,0,0,4,6,1260,0,61,no,1520,6600
825000,2,1,1240,42247,1,0,1,4,7,1240,0,100,no,1550,12459
383000,4,2.5,2160,6223,2,0,0,3,8,2160,0,5,no,2160,5555
169000,3,1,910,7686,1,0,0,3,7,910,0,46,no,1020,7686
260000,3,1.5,1320,9750,1,0,0,3,7,1320,0,61,no,1530,9750
672600,3,2.25,1520,5750,2,0,0,3,8,1400,120,107,yes,1420,5650
218000,3,1,880,18205,1,0,0,4,6,880,0,70,no,1110,16115
630000,4,2.5,2510,35020,1,0,0,4,8,1610,900,38,no,2080,34398
455000,2,1,830,4000,1,0,0,4,6,830,0,68,no,1420,4000
459950,5,2.75,3078,6371,2,0,0,3,9,3078,0,1,no,1979,19030
313950,3,1,1510,6083,1,0,0,4,6,860,650,75,no,1510,5712
263000,3,1,1250,7560,1,0,0,3,6,1250,0,56,no,1270,7615
427500,4,2.5,3160,8726,2,0,0,3,9,3160,0,16,no,2500,8648
555000,3,1,1250,4590,1.5,0,0,3,6,970,280,112,no,1830,4080
374950,3,2.25,1390,1484,3,0,0,3,8,1390,0,8,no,1250,1087
660000,3,3.25,1980,2850,3,0,0,3,7,1980,0,28,no,1630,4560
1340000,3,2.75,2730,38869,1.5,1,4,3,9,1940,790,52,yes,2630,28188
245000,2,1,1120,5650,1,0,1,3,6,720,400,111,no,2160,6480
464550,3,1.5,1690,10500,1,0,0,4,7,1690,0,48,no,1570,10500
635000,3,3.5,1730,1349,3,0,0,3,9,1350,380,6,no,1830,3300
320000,3,2,1550,34175,1.5,0,0,3,7,1550,0,16,no,2300,35174
890000,6,3.75,2770,5000,1,0,0,3,8,1870,900,46,no,1570,2108
216650,3,3.5,1480,1077,2,0,0,3,7,1300,180,8,no,1140,2003
360000,4,2.5,2210,17715,2,0,0,3,8,2210,0,18,no,2210,16907
166000,3,1,1010,11675,1,0,0,3,7,1010,0,58,no,1370,10042
525000,4,1.75,1600,7400,1,0,0,3,7,1210,390,42,no,1640,7500
738000,5,3.5,2790,16952,2,0,2,3,10,1970,820,24,no,2980,17281
750000,3,2.5,2400,7745,2,0,0,3,9,2400,0,14,no,2080,8615
397900,3,2.75,2500,35245,1,0,0,3,7,1580,920,15,no,2060,153766
360000,4,2.5,2640,7388,2,0,0,3,7,2640,0,12,no,2640,6383
199500,3,1.75,1690,8901,1,0,0,3,7,1690,0,29,no,1690,7532
374950,4,1.5,1970,14490,1.5,0,0,4,7,1970,0,52,no,1880,14880
535000,2,1,1030,4841,1,0,0,3,7,920,110,76,no,1530,4944
921500,4,2.5,3670,315374,2,0,0,4,9,3670,0,21,no,2840,87991
2.00E+05,2,1,700,4700,1,0,0,5,5,700,0,62,no,960,5200
1300000,4,3.5,3790,90169,2,0,0,3,11,3790,0,17,no,3410,46951
608000,3,2.5,1760,1472,3,0,0,3,8,1640,120,9,no,1760,5400
1240000,5,3.25,5790,13726,2,0,3,3,10,4430,1360,1,no,5790,13726
630000,4,2.5,2330,31705,2,0,0,4,8,2330,0,35,no,2460,36600
880000,4,2.5,3550,8618,2,0,0,3,10,3550,0,8,no,1310,9746
430000,3,3.75,3890,7140,1,0,2,3,8,2390,1500,72,yes,1820,7320
440000,4,2.5,2880,8061,2,0,0,3,9,2880,0,27,no,2650,7660
491000,3,2,1250,1306,3,0,0,3,7,1250,0,15,no,1320,1306
585000,3,3.5,1700,2197,2,0,0,3,8,1260,440,5,no,1360,1418
195000,3,1.5,1200,7800,1,0,0,4,7,1200,0,57,no,1390,8415
448000,4,2.5,2230,5000,1,0,0,3,7,1650,580,9,no,2090,4637
530000,3,2.25,2160,8114,1,0,0,3,8,1460,700,55,no,2160,8000
550000,3,2.25,1980,40887,1,0,0,4,8,1980,0,35,no,2460,35700
390000,3,1,1160,3750,1.5,0,0,3,7,1160,0,105,no,1530,3750
383000,3,1.75,1410,7215,1,0,0,3,7,1410,0,48,no,1550,7600
449500,4,2,2430,199940,1,0,0,3,8,1310,1120,54,no,2220,150282
219950,2,1,1010,4120,2,0,0,3,6,1010,0,108,no,1200,4120
450000,3,1,1360,3737,1.5,0,0,4,6,1360,0,105,no,1820,4500
3420000,5,5,5450,20412,2,0,0,3,11,5450,0,1,no,3160,17825
330000,3,1.75,1320,9675,1.5,0,0,4,7,1320,0,45,no,1160,9675
240000,3,2.25,1481,2820,2,0,0,3,7,1481,0,3,no,1481,3028
245990,3,1,1040,8410,1,0,0,3,7,1040,0,73,yes,1350,8410
469950,4,2.75,2720,6427,1,0,0,3,8,1650,1070,7,no,2720,8484
425000,2,1,1090,6000,1,0,0,3,7,1090,0,93,no,1960,5000
1250000,3,2.5,2710,13120,1,0,0,3,10,2710,0,56,no,3130,13566
690000,4,2.5,2820,8307,2,0,0,3,9,2820,0,25,no,2820,8307
252000,4,1.75,1120,8250,1,0,0,4,7,1120,0,49,no,1330,7975
287000,3,1.75,1940,9000,1,0,0,3,7,1290,650,50,no,1900,9120
226000,3,1.75,1490,6269,1,0,0,4,6,990,500,71,no,1490,7722
318888,4,1.75,2320,12000,1,0,0,4,8,2270,50,42,no,2120,9880
1050000,3,2.25,2480,15022,1,0,4,3,9,1330,1150,48,yes,2500,8178
340000,4,2.5,3020,8750,1,0,0,3,8,1710,1310,55,no,1900,8750
660000,4,3.5,3400,5196,2,0,0,3,9,3400,0,3,no,3170,5260
550000,2,1,950,4080,1,0,0,4,7,950,0,91,no,1120,4080
744000,4,2.75,2830,13059,2,0,0,3,10,2830,0,17,no,3840,11596
998000,3,3.75,3710,34412,2,0,0,3,10,2910,800,37,no,2390,34412
2900000,5,2.5,3750,91681,2,1,4,3,10,3750,0,90,no,3540,24293
305000,3,1.5,1480,9086,1,0,0,3,7,1480,0,53,no,1540,9750
852500,5,3.75,3830,8131,2,0,0,3,10,3830,0,10,no,3570,7290
690000,3,2,1760,6428,1,0,0,4,7,980,780,73,no,1760,6004
270000,4,2.5,1670,8056,1,0,0,3,7,1170,500,54,no,1360,8056
245000,3,1.75,1260,6908,1,0,0,3,7,1260,0,21,no,1810,7159
1200000,5,4,2710,2800,3,0,0,3,10,2380,330,41,yes,1530,3600
385000,3,2.25,2110,8000,2,0,0,3,8,2110,0,40,no,1740,7270
435000,4,2.5,1700,6380,1,0,0,4,7,850,850,75,no,1380,6380
205000,3,2.25,1250,952,3,0,0,3,8,1250,0,7,no,1250,1030
528000,4,2.75,2050,7171,1,0,0,3,8,1540,510,27,no,1960,7110
257000,3,1.75,1850,10920,1.5,0,0,3,6,1850,0,100,no,1510,7871